     shots,    errors,  discards, seconds,decoder,strong_id,json_metadata,custom_counts
       273,        17,         0,   0.010,fusion_blossom,85b1910107c8371db4ea86b9791495d79bcd582a5a61fdd104dc6a60b4683af2,"{""d"":3,""p"":0.012,""rounds"":3}",
      1297,        62,         0,   0.019,fusion_blossom,2ab29f56dc4ffdab034f3589b663d882274b3218ee2f0d67ea4265fc800be28d,"{""d"":3,""p"":0.008,""rounds"":3}",
      1024,        70,         0,   0.016,fusion_blossom,85b1910107c8371db4ea86b9791495d79bcd582a5a61fdd104dc6a60b4683af2,"{""d"":3,""p"":0.012,""rounds"":3}",
      1024,        36,         0,   0.016,fusion_blossom,2ab29f56dc4ffdab034f3589b663d882274b3218ee2f0d67ea4265fc800be28d,"{""d"":3,""p"":0.008,""rounds"":3}",
      1024,        96,         0,   0.017,fusion_blossom,85b1910107c8371db4ea86b9791495d79bcd582a5a61fdd104dc6a60b4683af2,"{""d"":3,""p"":0.012,""rounds"":3}",
      1024,        45,         0,   0.014,fusion_blossom,2ab29f56dc4ffdab034f3589b663d882274b3218ee2f0d67ea4265fc800be28d,"{""d"":3,""p"":0.008,""rounds"":3}",
       273,        13,         0,   0.034,fusion_blossom,aa3948b136a890ebbeb59bfd4c5803079fad6e490e65e431b87df2c9715f1a84,"{""d"":5,""p"":0.008,""rounds"":5}",
       273,        30,         0,   0.061,fusion_blossom,277a58e233e862a3be262f22c5b7a5a21a07b7eaf82f6f585b51f45fc3e938b2,"{""d"":5,""p"":0.012,""rounds"":5}",
      1024,        62,         0,   0.515,fusion_blossom,aa3948b136a890ebbeb59bfd4c5803079fad6e490e65e431b87df2c9715f1a84,"{""d"":5,""p"":0.008,""rounds"":5}",
      1297,       107,         0,   0.003,pymatching,19409a8ff013c6d9d9e5d172151082dd7f8a9081e6030a199af554c74e41c0e3,"{""d"":3,""p"":0.012,""rounds"":3}",
      2321,       106,         0,   0.003,pymatching,4104f79e8fdf1363a56e14a5b368cdc57190c227819dc4c69deaeb9bd608f336,"{""d"":3,""p"":0.008,""rounds"":3}",
         1,         0,         0,   0.001,pymatching,eff6f84e6085b3c3981aaa4f746c518b66c0a2cf0c456f9a00d918fa18cd12f4,"{""d"":5,""p"":0.008,""rounds"":5}",
         1,         0,         0,   0.001,pymatching,1c61726f4ad9c12650c3ca2cb2e1a87865263a79a366a04fb9c2e0489b9d4e22,"{""d"":5,""p"":0.012,""rounds"":5}",
      1296,        68,         0,   0.013,pymatching,eff6f84e6085b3c3981aaa4f746c518b66c0a2cf0c456f9a00d918fa18cd12f4,"{""d"":5,""p"":0.008,""rounds"":5}",
      1024,        44,         0,   0.007,pymatching,eff6f84e6085b3c3981aaa4f746c518b66c0a2cf0c456f9a00d918fa18cd12f4,"{""d"":5,""p"":0.008,""rounds"":5}",
      1296,       163,         0,   0.016,pymatching,1c61726f4ad9c12650c3ca2cb2e1a87865263a79a366a04fb9c2e0489b9d4e22,"{""d"":5,""p"":0.012,""rounds"":5}",
      1024,       133,         0,   0.699,fusion_blossom,277a58e233e862a3be262f22c5b7a5a21a07b7eaf82f6f585b51f45fc3e938b2,"{""d"":5,""p"":0.012,""rounds"":5}",
      1024,        50,         0,   0.242,fusion_blossom,aa3948b136a890ebbeb59bfd4c5803079fad6e490e65e431b87df2c9715f1a84,"{""d"":5,""p"":0.008,""rounds"":5}",
      1297,        16,         0,   0.019,fusion_blossom,397cf6e777f6412f92e3db4afe4f2ffa085db09ff2336fee6904e65bc47da1ea,"{""d"":3,""p"":0.004,""rounds"":3}",
      1297,        34,         0,   0.023,fusion_blossom,04784140fe10df3dabc515072bcc1b2634576553efbab1190cce00210f4ae892,"{""d"":3,""p"":0.006,""rounds"":3}",
      1297,        51,         0,   0.024,fusion_blossom,2ab29f56dc4ffdab034f3589b663d882274b3218ee2f0d67ea4265fc800be28d,"{""d"":3,""p"":0.008,""rounds"":3}",
      1297,        81,         0,   0.026,fusion_blossom,2f2a195ac98e903293062d5cda6354b6a8c9f7340ec68fd7fdb22e2471a859e8,"{""d"":3,""p"":0.01,""rounds"":3}",
      1024,        12,         0,   0.014,fusion_blossom,397cf6e777f6412f92e3db4afe4f2ffa085db09ff2336fee6904e65bc47da1ea,"{""d"":3,""p"":0.004,""rounds"":3}",
      1024,        19,         0,   0.015,fusion_blossom,04784140fe10df3dabc515072bcc1b2634576553efbab1190cce00210f4ae892,"{""d"":3,""p"":0.006,""rounds"":3}",
      1024,        40,         0,   0.017,fusion_blossom,2ab29f56dc4ffdab034f3589b663d882274b3218ee2f0d67ea4265fc800be28d,"{""d"":3,""p"":0.008,""rounds"":3}",
      1024,        53,         0,   0.024,fusion_blossom,2f2a195ac98e903293062d5cda6354b6a8c9f7340ec68fd7fdb22e2471a859e8,"{""d"":3,""p"":0.01,""rounds"":3}",
      2048,        25,         0,   0.025,fusion_blossom,397cf6e777f6412f92e3db4afe4f2ffa085db09ff2336fee6904e65bc47da1ea,"{""d"":3,""p"":0.004,""rounds"":3}",
      2048,        51,         0,   0.026,fusion_blossom,04784140fe10df3dabc515072bcc1b2634576553efbab1190cce00210f4ae892,"{""d"":3,""p"":0.006,""rounds"":3}",
      1024,        67,         0,   0.020,fusion_blossom,2f2a195ac98e903293062d5cda6354b6a8c9f7340ec68fd7fdb22e2471a859e8,"{""d"":3,""p"":0.01,""rounds"":3}",
      2048,        88,         0,   0.032,fusion_blossom,2ab29f56dc4ffdab034f3589b663d882274b3218ee2f0d67ea4265fc800be28d,"{""d"":3,""p"":0.008,""rounds"":3}",
      3072,        38,         0,   0.036,fusion_blossom,397cf6e777f6412f92e3db4afe4f2ffa085db09ff2336fee6904e65bc47da1ea,"{""d"":3,""p"":0.004,""rounds"":3}",
      2048,        44,         0,   0.029,fusion_blossom,04784140fe10df3dabc515072bcc1b2634576553efbab1190cce00210f4ae892,"{""d"":3,""p"":0.006,""rounds"":3}",
      2048,       129,         0,   0.037,fusion_blossom,2f2a195ac98e903293062d5cda6354b6a8c9f7340ec68fd7fdb22e2471a859e8,"{""d"":3,""p"":0.01,""rounds"":3}",
      2048,        83,         0,   0.036,fusion_blossom,2ab29f56dc4ffdab034f3589b663d882274b3218ee2f0d67ea4265fc800be28d,"{""d"":3,""p"":0.008,""rounds"":3}",
      4096,        54,         0,   0.048,fusion_blossom,397cf6e777f6412f92e3db4afe4f2ffa085db09ff2336fee6904e65bc47da1ea,"{""d"":3,""p"":0.004,""rounds"":3}",
      3072,        72,         0,   0.050,fusion_blossom,04784140fe10df3dabc515072bcc1b2634576553efbab1190cce00210f4ae892,"{""d"":3,""p"":0.006,""rounds"":3}",
      3072,       116,         0,   0.048,fusion_blossom,2ab29f56dc4ffdab034f3589b663d882274b3218ee2f0d67ea4265fc800be28d,"{""d"":3,""p"":0.008,""rounds"":3}",
      3072,       181,         0,   0.053,fusion_blossom,2f2a195ac98e903293062d5cda6354b6a8c9f7340ec68fd7fdb22e2471a859e8,"{""d"":3,""p"":0.01,""rounds"":3}",
      5120,        60,         0,   0.063,fusion_blossom,397cf6e777f6412f92e3db4afe4f2ffa085db09ff2336fee6904e65bc47da1ea,"{""d"":3,""p"":0.004,""rounds"":3}",
      5120,       130,         0,   0.068,fusion_blossom,04784140fe10df3dabc515072bcc1b2634576553efbab1190cce00210f4ae892,"{""d"":3,""p"":0.006,""rounds"":3}",
      3072,       171,         0,   0.054,fusion_blossom,2f2a195ac98e903293062d5cda6354b6a8c9f7340ec68fd7fdb22e2471a859e8,"{""d"":3,""p"":0.01,""rounds"":3}",
      4096,       137,         0,   0.064,fusion_blossom,2ab29f56dc4ffdab034f3589b663d882274b3218ee2f0d67ea4265fc800be28d,"{""d"":3,""p"":0.008,""rounds"":3}",
      6144,       154,         0,   0.076,fusion_blossom,04784140fe10df3dabc515072bcc1b2634576553efbab1190cce00210f4ae892,"{""d"":3,""p"":0.006,""rounds"":3}",
      8192,       104,         0,   0.083,fusion_blossom,397cf6e777f6412f92e3db4afe4f2ffa085db09ff2336fee6904e65bc47da1ea,"{""d"":3,""p"":0.004,""rounds"":3}",
      5120,       330,         0,   0.079,fusion_blossom,2f2a195ac98e903293062d5cda6354b6a8c9f7340ec68fd7fdb22e2471a859e8,"{""d"":3,""p"":0.01,""rounds"":3}",
      6144,       262,         0,   0.083,fusion_blossom,2ab29f56dc4ffdab034f3589b663d882274b3218ee2f0d67ea4265fc800be28d,"{""d"":3,""p"":0.008,""rounds"":3}",
      3072,       103,         0,   0.039,fusion_blossom,2ab29f56dc4ffdab034f3589b663d882274b3218ee2f0d67ea4265fc800be28d,"{""d"":3,""p"":0.008,""rounds"":3}",
      9216,       218,         0,   0.105,fusion_blossom,04784140fe10df3dabc515072bcc1b2634576553efbab1190cce00210f4ae892,"{""d"":3,""p"":0.006,""rounds"":3}",
      1297,       119,         0,   0.024,fusion_blossom,85b1910107c8371db4ea86b9791495d79bcd582a5a61fdd104dc6a60b4683af2,"{""d"":3,""p"":0.012,""rounds"":3}",
     11264,       129,         0,   0.109,fusion_blossom,397cf6e777f6412f92e3db4afe4f2ffa085db09ff2336fee6904e65bc47da1ea,"{""d"":3,""p"":0.004,""rounds"":3}",
      1024,        71,         0,   0.040,fusion_blossom,85b1910107c8371db4ea86b9791495d79bcd582a5a61fdd104dc6a60b4683af2,"{""d"":3,""p"":0.012,""rounds"":3}",
      1024,        82,         0,   0.107,fusion_blossom,85b1910107c8371db4ea86b9791495d79bcd582a5a61fdd104dc6a60b4683af2,"{""d"":3,""p"":0.012,""rounds"":3}",
      3072,        83,         0,   0.262,fusion_blossom,04784140fe10df3dabc515072bcc1b2634576553efbab1190cce00210f4ae892,"{""d"":3,""p"":0.006,""rounds"":3}",
      5120,        61,         0,   0.150,fusion_blossom,397cf6e777f6412f92e3db4afe4f2ffa085db09ff2336fee6904e65bc47da1ea,"{""d"":3,""p"":0.004,""rounds"":3}",
      1024,        70,         0,   0.142,fusion_blossom,85b1910107c8371db4ea86b9791495d79bcd582a5a61fdd104dc6a60b4683af2,"{""d"":3,""p"":0.012,""rounds"":3}",
      1024,        70,         0,   0.061,fusion_blossom,85b1910107c8371db4ea86b9791495d79bcd582a5a61fdd104dc6a60b4683af2,"{""d"":3,""p"":0.012,""rounds"":3}",
      2048,       158,         0,   0.080,fusion_blossom,85b1910107c8371db4ea86b9791495d79bcd582a5a61fdd104dc6a60b4683af2,"{""d"":3,""p"":0.012,""rounds"":3}",
      6144,       138,         0,   0.224,fusion_blossom,04784140fe10df3dabc515072bcc1b2634576553efbab1190cce00210f4ae892,"{""d"":3,""p"":0.006,""rounds"":3}",
      6144,        73,         0,   0.202,fusion_blossom,397cf6e777f6412f92e3db4afe4f2ffa085db09ff2336fee6904e65bc47da1ea,"{""d"":3,""p"":0.004,""rounds"":3}",
      7441,       590,         0,   0.009,pymatching,19409a8ff013c6d9d9e5d172151082dd7f8a9081e6030a199af554c74e41c0e3,"{""d"":3,""p"":0.012,""rounds"":3}",
      4096,       312,         0,   0.005,pymatching,19409a8ff013c6d9d9e5d172151082dd7f8a9081e6030a199af554c74e41c0e3,"{""d"":3,""p"":0.012,""rounds"":3}",
      2048,        58,         0,   0.035,fusion_blossom,04784140fe10df3dabc515072bcc1b2634576553efbab1190cce00210f4ae892,"{""d"":3,""p"":0.006,""rounds"":3}",
      2321,       129,         0,   0.004,pymatching,b89d02f9960d311b634ecb19cc652eaff0b0c5e1640168f57992b64fe56930db,"{""d"":3,""p"":0.01,""rounds"":3}",
      2048,       153,         0,   0.087,fusion_blossom,85b1910107c8371db4ea86b9791495d79bcd582a5a61fdd104dc6a60b4683af2,"{""d"":3,""p"":0.012,""rounds"":3}",
     12561,       304,         0,   0.009,pymatching,b7f4ceee72e330f9227ac88b17bbce1033fa9277454ac64a3f7c55810c9310e5,"{""d"":3,""p"":0.006,""rounds"":3}",
     18705,       218,         0,   0.008,pymatching,a1a101d63798abcf97d621f3e23b7d9f41c45cd2b2ce49ee01190bbb27bbc97b,"{""d"":3,""p"":0.004,""rounds"":3}",
     15360,       937,         0,   0.012,pymatching,b89d02f9960d311b634ecb19cc652eaff0b0c5e1640168f57992b64fe56930db,"{""d"":3,""p"":0.01,""rounds"":3}",
     13585,       528,         0,   0.009,pymatching,4104f79e8fdf1363a56e14a5b368cdc57190c227819dc4c69deaeb9bd608f336,"{""d"":3,""p"":0.008,""rounds"":3}",
     24576,       598,         0,   0.013,pymatching,b7f4ceee72e330f9227ac88b17bbce1033fa9277454ac64a3f7c55810c9310e5,"{""d"":3,""p"":0.006,""rounds"":3}",
      7441,       753,         0,   0.010,pymatching,d968e56fdbac55824b3f210aabaca2c0f88151f8d35c9b6377743b25e0cf9e64,"{""d"":3,""p"":0.014,""rounds"":3}",
      9216,       393,         0,   0.007,pymatching,4104f79e8fdf1363a56e14a5b368cdc57190c227819dc4c69deaeb9bd608f336,"{""d"":3,""p"":0.008,""rounds"":3}",
      4096,       109,         0,   0.003,pymatching,b7f4ceee72e330f9227ac88b17bbce1033fa9277454ac64a3f7c55810c9310e5,"{""d"":3,""p"":0.006,""rounds"":3}",
      3072,       311,         0,   0.004,pymatching,d968e56fdbac55824b3f210aabaca2c0f88151f8d35c9b6377743b25e0cf9e64,"{""d"":3,""p"":0.014,""rounds"":3}",
     28672,       328,         0,   0.012,pymatching,a1a101d63798abcf97d621f3e23b7d9f41c45cd2b2ce49ee01190bbb27bbc97b,"{""d"":3,""p"":0.004,""rounds"":3}",
      2048,       158,         0,   0.034,fusion_blossom,85b1910107c8371db4ea86b9791495d79bcd582a5a61fdd104dc6a60b4683af2,"{""d"":3,""p"":0.012,""rounds"":3}",
     40960,       466,         0,   0.014,pymatching,a1a101d63798abcf97d621f3e23b7d9f41c45cd2b2ce49ee01190bbb27bbc97b,"{""d"":3,""p"":0.004,""rounds"":3}",
      1297,       122,         0,   0.025,fusion_blossom,6bb49b1d7151167dceb0fa249a2d1adcaa4494ef8a795ca801729b8aaf16dc5e,"{""d"":3,""p"":0.014,""rounds"":3}",
      4369,        32,         0,   0.011,pymatching,78ebf96665eb7355106d8270c09c9d899eaa36f13bf5636be2ce1a88745c4f37,"{""d"":5,""p"":0.004,""rounds"":5}",
      2321,        53,         0,   0.010,pymatching,8e973237393e33c77b5cdbe7ca64ab737e8eb91b40bfe73b2d04043ccf3c6b4a,"{""d"":5,""p"":0.006,""rounds"":5}",
      4096,        29,         0,   0.014,pymatching,78ebf96665eb7355106d8270c09c9d899eaa36f13bf5636be2ce1a88745c4f37,"{""d"":5,""p"":0.004,""rounds"":5}",
      1024,       111,         0,   0.034,fusion_blossom,6bb49b1d7151167dceb0fa249a2d1adcaa4494ef8a795ca801729b8aaf16dc5e,"{""d"":3,""p"":0.014,""rounds"":3}",
      4096,       108,         0,   0.018,pymatching,8e973237393e33c77b5cdbe7ca64ab737e8eb91b40bfe73b2d04043ccf3c6b4a,"{""d"":5,""p"":0.006,""rounds"":5}",
      6144,        44,         0,   0.019,pymatching,78ebf96665eb7355106d8270c09c9d899eaa36f13bf5636be2ce1a88745c4f37,"{""d"":5,""p"":0.004,""rounds"":5}",
      5120,       134,         0,   0.019,pymatching,8e973237393e33c77b5cdbe7ca64ab737e8eb91b40bfe73b2d04043ccf3c6b4a,"{""d"":5,""p"":0.006,""rounds"":5}",
      1024,       106,         0,   0.032,fusion_blossom,6bb49b1d7151167dceb0fa249a2d1adcaa4494ef8a795ca801729b8aaf16dc5e,"{""d"":3,""p"":0.014,""rounds"":3}",
       273,         8,         0,   0.038,fusion_blossom,7d0121e0c425ed097122e511761d285c0bc4239c3a958797053f041ddfa0d843,"{""d"":5,""p"":0.006,""rounds"":5}",
     10240,        72,         0,   0.027,pymatching,78ebf96665eb7355106d8270c09c9d899eaa36f13bf5636be2ce1a88745c4f37,"{""d"":5,""p"":0.004,""rounds"":5}",
      9216,       214,         0,   0.029,pymatching,8e973237393e33c77b5cdbe7ca64ab737e8eb91b40bfe73b2d04043ccf3c6b4a,"{""d"":5,""p"":0.006,""rounds"":5}",
       273,         2,         0,   0.018,fusion_blossom,e48ed67c2979de4d26a9fc9536081ea554d0aab4d424661f34f12c13fd45c431,"{""d"":5,""p"":0.004,""rounds"":5}",
      2048,       211,         0,   0.044,fusion_blossom,6bb49b1d7151167dceb0fa249a2d1adcaa4494ef8a795ca801729b8aaf16dc5e,"{""d"":3,""p"":0.014,""rounds"":3}",
     15360,       124,         0,   0.039,pymatching,78ebf96665eb7355106d8270c09c9d899eaa36f13bf5636be2ce1a88745c4f37,"{""d"":5,""p"":0.004,""rounds"":5}",
       273,        10,         0,   0.034,fusion_blossom,aa3948b136a890ebbeb59bfd4c5803079fad6e490e65e431b87df2c9715f1a84,"{""d"":5,""p"":0.008,""rounds"":5}",
     10240,       249,         0,   0.039,pymatching,8e973237393e33c77b5cdbe7ca64ab737e8eb91b40bfe73b2d04043ccf3c6b4a,"{""d"":5,""p"":0.006,""rounds"":5}",
      1024,         7,         0,   0.050,fusion_blossom,e48ed67c2979de4d26a9fc9536081ea554d0aab4d424661f34f12c13fd45c431,"{""d"":5,""p"":0.004,""rounds"":5}",
      1024,        25,         0,   0.081,fusion_blossom,7d0121e0c425ed097122e511761d285c0bc4239c3a958797053f041ddfa0d843,"{""d"":5,""p"":0.006,""rounds"":5}",
      2048,       209,         0,   0.048,fusion_blossom,6bb49b1d7151167dceb0fa249a2d1adcaa4494ef8a795ca801729b8aaf16dc5e,"{""d"":3,""p"":0.014,""rounds"":3}",
     20480,       144,         0,   0.054,pymatching,78ebf96665eb7355106d8270c09c9d899eaa36f13bf5636be2ce1a88745c4f37,"{""d"":5,""p"":0.004,""rounds"":5}",
     12288,       252,         0,   0.047,pymatching,8e973237393e33c77b5cdbe7ca64ab737e8eb91b40bfe73b2d04043ccf3c6b4a,"{""d"":5,""p"":0.006,""rounds"":5}",
     22528,       253,         0,   0.301,fusion_blossom,397cf6e777f6412f92e3db4afe4f2ffa085db09ff2336fee6904e65bc47da1ea,"{""d"":3,""p"":0.004,""rounds"":3}",
      2048,       230,         0,   0.066,fusion_blossom,6bb49b1d7151167dceb0fa249a2d1adcaa4494ef8a795ca801729b8aaf16dc5e,"{""d"":3,""p"":0.014,""rounds"":3}",
      5120,        36,         0,   0.016,pymatching,78ebf96665eb7355106d8270c09c9d899eaa36f13bf5636be2ce1a88745c4f37,"{""d"":5,""p"":0.004,""rounds"":5}",
      1024,        11,         0,   0.139,fusion_blossom,e48ed67c2979de4d26a9fc9536081ea554d0aab4d424661f34f12c13fd45c431,"{""d"":5,""p"":0.004,""rounds"":5}",
      1297,       122,         0,   0.010,pymatching,760abf564b110623b22640773caba45f9afd986f3bb0886472d0ac0cf756f367,"{""d"":5,""p"":0.01,""rounds"":5}",
      3072,       286,         0,   0.017,pymatching,760abf564b110623b22640773caba45f9afd986f3bb0886472d0ac0cf756f367,"{""d"":5,""p"":0.01,""rounds"":5}",
      1024,       121,         0,   0.068,fusion_blossom,6bb49b1d7151167dceb0fa249a2d1adcaa4494ef8a795ca801729b8aaf16dc5e,"{""d"":3,""p"":0.014,""rounds"":3}",
      2048,       180,         0,   0.019,pymatching,760abf564b110623b22640773caba45f9afd986f3bb0886472d0ac0cf756f367,"{""d"":5,""p"":0.01,""rounds"":5}",
      1024,        28,         0,   0.197,fusion_blossom,7d0121e0c425ed097122e511761d285c0bc4239c3a958797053f041ddfa0d843,"{""d"":5,""p"":0.006,""rounds"":5}",
      1024,        39,         0,   0.226,fusion_blossom,aa3948b136a890ebbeb59bfd4c5803079fad6e490e65e431b87df2c9715f1a84,"{""d"":5,""p"":0.008,""rounds"":5}",
      3072,       263,         0,   0.051,pymatching,760abf564b110623b22640773caba45f9afd986f3bb0886472d0ac0cf756f367,"{""d"":5,""p"":0.01,""rounds"":5}",
     23552,       148,         0,   0.109,pymatching,78ebf96665eb7355106d8270c09c9d899eaa36f13bf5636be2ce1a88745c4f37,"{""d"":5,""p"":0.004,""rounds"":5}",
      1024,         5,         0,   0.110,fusion_blossom,e48ed67c2979de4d26a9fc9536081ea554d0aab4d424661f34f12c13fd45c431,"{""d"":5,""p"":0.004,""rounds"":5}",
      2048,       179,         0,   0.017,pymatching,760abf564b110623b22640773caba45f9afd986f3bb0886472d0ac0cf756f367,"{""d"":5,""p"":0.01,""rounds"":5}",
       273,        19,         0,   0.073,fusion_blossom,1b4da038772700d217efb5a87043dbf130241193f22ff17cbca6bf2f958b0cf2,"{""d"":5,""p"":0.01,""rounds"":5}",
         1,         0,         0,   0.001,pymatching,eff6f84e6085b3c3981aaa4f746c518b66c0a2cf0c456f9a00d918fa18cd12f4,"{""d"":5,""p"":0.008,""rounds"":5}",
      2320,       109,         0,   0.013,pymatching,eff6f84e6085b3c3981aaa4f746c518b66c0a2cf0c456f9a00d918fa18cd12f4,"{""d"":5,""p"":0.008,""rounds"":5}",
      3072,       140,         0,   0.021,pymatching,eff6f84e6085b3c3981aaa4f746c518b66c0a2cf0c456f9a00d918fa18cd12f4,"{""d"":5,""p"":0.008,""rounds"":5}",
      2321,       309,         0,   0.015,pymatching,1c61726f4ad9c12650c3ca2cb2e1a87865263a79a366a04fb9c2e0489b9d4e22,"{""d"":5,""p"":0.012,""rounds"":5}",
      1024,         6,         0,   0.068,fusion_blossom,e48ed67c2979de4d26a9fc9536081ea554d0aab4d424661f34f12c13fd45c431,"{""d"":5,""p"":0.004,""rounds"":5}",
      2048,       226,         0,   0.015,pymatching,1c61726f4ad9c12650c3ca2cb2e1a87865263a79a366a04fb9c2e0489b9d4e22,"{""d"":5,""p"":0.012,""rounds"":5}",
      1024,        32,         0,   0.131,fusion_blossom,7d0121e0c425ed097122e511761d285c0bc4239c3a958797053f041ddfa0d843,"{""d"":5,""p"":0.006,""rounds"":5}",
      6144,       314,         0,   0.031,pymatching,eff6f84e6085b3c3981aaa4f746c518b66c0a2cf0c456f9a00d918fa18cd12f4,"{""d"":5,""p"":0.008,""rounds"":5}",
      3072,       414,         0,   0.024,pymatching,1c61726f4ad9c12650c3ca2cb2e1a87865263a79a366a04fb9c2e0489b9d4e22,"{""d"":5,""p"":0.012,""rounds"":5}",
      1024,        64,         0,   0.162,fusion_blossom,aa3948b136a890ebbeb59bfd4c5803079fad6e490e65e431b87df2c9715f1a84,"{""d"":5,""p"":0.008,""rounds"":5}",
      7168,       358,         0,   0.032,pymatching,eff6f84e6085b3c3981aaa4f746c518b66c0a2cf0c456f9a00d918fa18cd12f4,"{""d"":5,""p"":0.008,""rounds"":5}",
     15360,       185,         0,   0.295,fusion_blossom,397cf6e777f6412f92e3db4afe4f2ffa085db09ff2336fee6904e65bc47da1ea,"{""d"":3,""p"":0.004,""rounds"":3}",
     48128,       373,         0,   0.129,pymatching,78ebf96665eb7355106d8270c09c9d899eaa36f13bf5636be2ce1a88745c4f37,"{""d"":5,""p"":0.004,""rounds"":5}",
      1024,        27,         0,   0.081,fusion_blossom,7d0121e0c425ed097122e511761d285c0bc4239c3a958797053f041ddfa0d843,"{""d"":5,""p"":0.006,""rounds"":5}",
      2048,        24,         0,   0.105,fusion_blossom,e48ed67c2979de4d26a9fc9536081ea554d0aab4d424661f34f12c13fd45c431,"{""d"":5,""p"":0.004,""rounds"":5}",
      2321,       414,         0,   0.021,pymatching,53b5f0efb8887d1c8f1e3fdfda43f4f7042079d05009098a07c56a00fc0c5e18,"{""d"":5,""p"":0.014,""rounds"":5}",
      1297,         5,         0,   0.012,pymatching,aa65a1c74547e8dbb0219373d6f96343f56b7fe3b027d6d14305afa44c890a6e,"{""d"":7,""p"":0.004,""rounds"":7}",
      2048,       359,         0,   0.016,pymatching,53b5f0efb8887d1c8f1e3fdfda43f4f7042079d05009098a07c56a00fc0c5e18,"{""d"":5,""p"":0.014,""rounds"":5}",
      1024,        84,         0,   0.159,fusion_blossom,1b4da038772700d217efb5a87043dbf130241193f22ff17cbca6bf2f958b0cf2,"{""d"":5,""p"":0.01,""rounds"":5}",
      3072,        16,         0,   0.019,pymatching,aa65a1c74547e8dbb0219373d6f96343f56b7fe3b027d6d14305afa44c890a6e,"{""d"":7,""p"":0.004,""rounds"":7}",
      2048,       354,         0,   0.024,pymatching,53b5f0efb8887d1c8f1e3fdfda43f4f7042079d05009098a07c56a00fc0c5e18,"{""d"":5,""p"":0.014,""rounds"":5}",
      1024,        32,         0,   0.119,fusion_blossom,aa3948b136a890ebbeb59bfd4c5803079fad6e490e65e431b87df2c9715f1a84,"{""d"":5,""p"":0.008,""rounds"":5}",
      3072,        13,         0,   0.021,pymatching,aa65a1c74547e8dbb0219373d6f96343f56b7fe3b027d6d14305afa44c890a6e,"{""d"":7,""p"":0.004,""rounds"":7}",
       273,        33,         0,   0.066,fusion_blossom,92c46607b3fb09a418264f46cff2e36b2e91a14de9e5717d2e61af13a8535335,"{""d"":5,""p"":0.014,""rounds"":5}",
       273,        39,         0,   0.066,fusion_blossom,277a58e233e862a3be262f22c5b7a5a21a07b7eaf82f6f585b51f45fc3e938b2,"{""d"":5,""p"":0.012,""rounds"":5}",
      1024,        19,         0,   0.086,fusion_blossom,7d0121e0c425ed097122e511761d285c0bc4239c3a958797053f041ddfa0d843,"{""d"":5,""p"":0.006,""rounds"":5}",
      4096,        18,         0,   0.036,pymatching,aa65a1c74547e8dbb0219373d6f96343f56b7fe3b027d6d14305afa44c890a6e,"{""d"":7,""p"":0.004,""rounds"":7}",
      2048,        16,         0,   0.105,fusion_blossom,e48ed67c2979de4d26a9fc9536081ea554d0aab4d424661f34f12c13fd45c431,"{""d"":5,""p"":0.004,""rounds"":5}",
        17,         0,         0,   0.012,fusion_blossom,47e91f1dfbf6adbb3c46efd5d2de6f4c42a3dcf206f4703dce03013c9b309afd,"{""d"":7,""p"":0.004,""rounds"":7}",
      5120,        19,         0,   0.045,pymatching,aa65a1c74547e8dbb0219373d6f96343f56b7fe3b027d6d14305afa44c890a6e,"{""d"":7,""p"":0.004,""rounds"":7}",
      1024,        20,         0,   0.076,fusion_blossom,7d0121e0c425ed097122e511761d285c0bc4239c3a958797053f041ddfa0d843,"{""d"":5,""p"":0.006,""rounds"":5}",
      1024,        52,         0,   0.123,fusion_blossom,aa3948b136a890ebbeb59bfd4c5803079fad6e490e65e431b87df2c9715f1a84,"{""d"":5,""p"":0.008,""rounds"":5}",
      1024,        90,         0,   0.161,fusion_blossom,1b4da038772700d217efb5a87043dbf130241193f22ff17cbca6bf2f958b0cf2,"{""d"":5,""p"":0.01,""rounds"":5}",
      5120,        28,         0,   0.053,pymatching,aa65a1c74547e8dbb0219373d6f96343f56b7fe3b027d6d14305afa44c890a6e,"{""d"":7,""p"":0.004,""rounds"":7}",
       256,         0,         0,   0.061,fusion_blossom,47e91f1dfbf6adbb3c46efd5d2de6f4c42a3dcf206f4703dce03013c9b309afd,"{""d"":7,""p"":0.004,""rounds"":7}",
      2048,        11,         0,   0.108,fusion_blossom,e48ed67c2979de4d26a9fc9536081ea554d0aab4d424661f34f12c13fd45c431,"{""d"":5,""p"":0.004,""rounds"":5}",
      1024,       134,         0,   0.200,fusion_blossom,277a58e233e862a3be262f22c5b7a5a21a07b7eaf82f6f585b51f45fc3e938b2,"{""d"":5,""p"":0.012,""rounds"":5}",
      9216,        43,         0,   0.084,pymatching,aa65a1c74547e8dbb0219373d6f96343f56b7fe3b027d6d14305afa44c890a6e,"{""d"":7,""p"":0.004,""rounds"":7}",
      1024,        51,         0,   0.130,fusion_blossom,aa3948b136a890ebbeb59bfd4c5803079fad6e490e65e431b87df2c9715f1a84,"{""d"":5,""p"":0.008,""rounds"":5}",
      1024,       168,         0,   0.248,fusion_blossom,92c46607b3fb09a418264f46cff2e36b2e91a14de9e5717d2e61af13a8535335,"{""d"":5,""p"":0.014,""rounds"":5}",
      2048,        42,         0,   0.168,fusion_blossom,7d0121e0c425ed097122e511761d285c0bc4239c3a958797053f041ddfa0d843,"{""d"":5,""p"":0.006,""rounds"":5}",
      1024,       107,         0,   0.166,fusion_blossom,1b4da038772700d217efb5a87043dbf130241193f22ff17cbca6bf2f958b0cf2,"{""d"":5,""p"":0.01,""rounds"":5}",
      3072,        29,         0,   0.160,fusion_blossom,e48ed67c2979de4d26a9fc9536081ea554d0aab4d424661f34f12c13fd45c431,"{""d"":5,""p"":0.004,""rounds"":5}",
     12288,        42,         0,   0.108,pymatching,aa65a1c74547e8dbb0219373d6f96343f56b7fe3b027d6d14305afa44c890a6e,"{""d"":7,""p"":0.004,""rounds"":7}",
      1024,        34,         0,   0.118,fusion_blossom,aa3948b136a890ebbeb59bfd4c5803079fad6e490e65e431b87df2c9715f1a84,"{""d"":5,""p"":0.008,""rounds"":5}",
      1024,       142,         0,   0.203,fusion_blossom,277a58e233e862a3be262f22c5b7a5a21a07b7eaf82f6f585b51f45fc3e938b2,"{""d"":5,""p"":0.012,""rounds"":5}",
      1024,         7,         0,   0.280,fusion_blossom,47e91f1dfbf6adbb3c46efd5d2de6f4c42a3dcf206f4703dce03013c9b309afd,"{""d"":7,""p"":0.004,""rounds"":7}",
      2048,        52,         0,   0.206,fusion_blossom,7d0121e0c425ed097122e511761d285c0bc4239c3a958797053f041ddfa0d843,"{""d"":5,""p"":0.006,""rounds"":5}",
     15360,        73,         0,   0.148,pymatching,aa65a1c74547e8dbb0219373d6f96343f56b7fe3b027d6d14305afa44c890a6e,"{""d"":7,""p"":0.004,""rounds"":7}",
      1024,        92,         0,   0.190,fusion_blossom,1b4da038772700d217efb5a87043dbf130241193f22ff17cbca6bf2f958b0cf2,"{""d"":5,""p"":0.01,""rounds"":5}",
      1024,        57,         0,   0.122,fusion_blossom,aa3948b136a890ebbeb59bfd4c5803079fad6e490e65e431b87df2c9715f1a84,"{""d"":5,""p"":0.008,""rounds"":5}",
      1024,       176,         0,   0.259,fusion_blossom,92c46607b3fb09a418264f46cff2e36b2e91a14de9e5717d2e61af13a8535335,"{""d"":5,""p"":0.014,""rounds"":5}",
      4096,        27,         0,   0.217,fusion_blossom,e48ed67c2979de4d26a9fc9536081ea554d0aab4d424661f34f12c13fd45c431,"{""d"":5,""p"":0.004,""rounds"":5}",
      1024,       140,         0,   0.219,fusion_blossom,277a58e233e862a3be262f22c5b7a5a21a07b7eaf82f6f585b51f45fc3e938b2,"{""d"":5,""p"":0.012,""rounds"":5}",
      1024,        83,         0,   0.177,fusion_blossom,1b4da038772700d217efb5a87043dbf130241193f22ff17cbca6bf2f958b0cf2,"{""d"":5,""p"":0.01,""rounds"":5}",
     25600,       134,         0,   0.206,pymatching,aa65a1c74547e8dbb0219373d6f96343f56b7fe3b027d6d14305afa44c890a6e,"{""d"":7,""p"":0.004,""rounds"":7}",
      1024,         8,         0,   0.278,fusion_blossom,47e91f1dfbf6adbb3c46efd5d2de6f4c42a3dcf206f4703dce03013c9b309afd,"{""d"":7,""p"":0.004,""rounds"":7}",
      2048,        85,         0,   0.267,fusion_blossom,aa3948b136a890ebbeb59bfd4c5803079fad6e490e65e431b87df2c9715f1a84,"{""d"":5,""p"":0.008,""rounds"":5}",
      3072,        79,         0,   0.290,fusion_blossom,7d0121e0c425ed097122e511761d285c0bc4239c3a958797053f041ddfa0d843,"{""d"":5,""p"":0.006,""rounds"":5}",
      1024,       192,         0,   0.262,fusion_blossom,92c46607b3fb09a418264f46cff2e36b2e91a14de9e5717d2e61af13a8535335,"{""d"":5,""p"":0.014,""rounds"":5}",
      1024,        78,         0,   0.157,fusion_blossom,1b4da038772700d217efb5a87043dbf130241193f22ff17cbca6bf2f958b0cf2,"{""d"":5,""p"":0.01,""rounds"":5}",
      1024,       126,         0,   0.219,fusion_blossom,277a58e233e862a3be262f22c5b7a5a21a07b7eaf82f6f585b51f45fc3e938b2,"{""d"":5,""p"":0.012,""rounds"":5}",
      6144,        42,         0,   0.342,fusion_blossom,e48ed67c2979de4d26a9fc9536081ea554d0aab4d424661f34f12c13fd45c431,"{""d"":5,""p"":0.004,""rounds"":5}",
      1024,         5,         0,   0.283,fusion_blossom,47e91f1dfbf6adbb3c46efd5d2de6f4c42a3dcf206f4703dce03013c9b309afd,"{""d"":7,""p"":0.004,""rounds"":7}",
     34816,       148,         0,   0.292,pymatching,aa65a1c74547e8dbb0219373d6f96343f56b7fe3b027d6d14305afa44c890a6e,"{""d"":7,""p"":0.004,""rounds"":7}",
      1024,        74,         0,   0.172,fusion_blossom,1b4da038772700d217efb5a87043dbf130241193f22ff17cbca6bf2f958b0cf2,"{""d"":5,""p"":0.01,""rounds"":5}",
      2048,       100,         0,   0.235,fusion_blossom,aa3948b136a890ebbeb59bfd4c5803079fad6e490e65e431b87df2c9715f1a84,"{""d"":5,""p"":0.008,""rounds"":5}",
      1024,       178,         0,   0.267,fusion_blossom,92c46607b3fb09a418264f46cff2e36b2e91a14de9e5717d2e61af13a8535335,"{""d"":5,""p"":0.014,""rounds"":5}",
      1024,       137,         0,   0.204,fusion_blossom,277a58e233e862a3be262f22c5b7a5a21a07b7eaf82f6f585b51f45fc3e938b2,"{""d"":5,""p"":0.012,""rounds"":5}",
      4096,        87,         0,   0.357,fusion_blossom,7d0121e0c425ed097122e511761d285c0bc4239c3a958797053f041ddfa0d843,"{""d"":5,""p"":0.006,""rounds"":5}",
      1024,        92,         0,   0.165,fusion_blossom,1b4da038772700d217efb5a87043dbf130241193f22ff17cbca6bf2f958b0cf2,"{""d"":5,""p"":0.01,""rounds"":5}",
      1024,         5,         0,   0.268,fusion_blossom,47e91f1dfbf6adbb3c46efd5d2de6f4c42a3dcf206f4703dce03013c9b309afd,"{""d"":7,""p"":0.004,""rounds"":7}",
      7168,        49,         0,   0.409,fusion_blossom,e48ed67c2979de4d26a9fc9536081ea554d0aab4d424661f34f12c13fd45c431,"{""d"":5,""p"":0.004,""rounds"":5}",
      1024,       114,         0,   0.226,fusion_blossom,277a58e233e862a3be262f22c5b7a5a21a07b7eaf82f6f585b51f45fc3e938b2,"{""d"":5,""p"":0.012,""rounds"":5}",
      1024,       185,         0,   0.278,fusion_blossom,92c46607b3fb09a418264f46cff2e36b2e91a14de9e5717d2e61af13a8535335,"{""d"":5,""p"":0.014,""rounds"":5}",
      3072,       152,         0,   0.376,fusion_blossom,aa3948b136a890ebbeb59bfd4c5803079fad6e490e65e431b87df2c9715f1a84,"{""d"":5,""p"":0.008,""rounds"":5}",
     50176,       236,         0,   0.404,pymatching,aa65a1c74547e8dbb0219373d6f96343f56b7fe3b027d6d14305afa44c890a6e,"{""d"":7,""p"":0.004,""rounds"":7}",
      1024,         4,         0,   0.254,fusion_blossom,47e91f1dfbf6adbb3c46efd5d2de6f4c42a3dcf206f4703dce03013c9b309afd,"{""d"":7,""p"":0.004,""rounds"":7}",
      2048,       172,         0,   0.355,fusion_blossom,1b4da038772700d217efb5a87043dbf130241193f22ff17cbca6bf2f958b0cf2,"{""d"":5,""p"":0.01,""rounds"":5}",
      1024,       132,         0,   0.250,fusion_blossom,277a58e233e862a3be262f22c5b7a5a21a07b7eaf82f6f585b51f45fc3e938b2,"{""d"":5,""p"":0.012,""rounds"":5}",
      5120,       119,         0,   0.460,fusion_blossom,7d0121e0c425ed097122e511761d285c0bc4239c3a958797053f041ddfa0d843,"{""d"":5,""p"":0.006,""rounds"":5}",
      1297,        27,         0,   0.015,pymatching,dd32fdff6326ac61b0d6e2520b1ca68cbe08d1b50ce844c8ef2d3407ef8d5a04,"{""d"":7,""p"":0.006,""rounds"":7}",
      1024,       173,         0,   0.284,fusion_blossom,92c46607b3fb09a418264f46cff2e36b2e91a14de9e5717d2e61af13a8535335,"{""d"":5,""p"":0.014,""rounds"":5}",
      1024,        20,         0,   0.014,pymatching,dd32fdff6326ac61b0d6e2520b1ca68cbe08d1b50ce844c8ef2d3407ef8d5a04,"{""d"":7,""p"":0.006,""rounds"":7}",
      2048,        37,         0,   0.020,pymatching,dd32fdff6326ac61b0d6e2520b1ca68cbe08d1b50ce844c8ef2d3407ef8d5a04,"{""d"":7,""p"":0.006,""rounds"":7}",
      3072,        66,         0,   0.038,pymatching,dd32fdff6326ac61b0d6e2520b1ca68cbe08d1b50ce844c8ef2d3407ef8d5a04,"{""d"":7,""p"":0.006,""rounds"":7}",
      4096,        85,         0,   0.049,pymatching,dd32fdff6326ac61b0d6e2520b1ca68cbe08d1b50ce844c8ef2d3407ef8d5a04,"{""d"":7,""p"":0.006,""rounds"":7}",
      1024,         7,         0,   0.258,fusion_blossom,47e91f1dfbf6adbb3c46efd5d2de6f4c42a3dcf206f4703dce03013c9b309afd,"{""d"":7,""p"":0.004,""rounds"":7}",
      5120,        99,         0,   0.061,pymatching,dd32fdff6326ac61b0d6e2520b1ca68cbe08d1b50ce844c8ef2d3407ef8d5a04,"{""d"":7,""p"":0.006,""rounds"":7}",
     53248,       229,         0,   0.408,pymatching,aa65a1c74547e8dbb0219373d6f96343f56b7fe3b027d6d14305afa44c890a6e,"{""d"":7,""p"":0.004,""rounds"":7}",
      2048,       174,         0,   0.315,fusion_blossom,1b4da038772700d217efb5a87043dbf130241193f22ff17cbca6bf2f958b0cf2,"{""d"":5,""p"":0.01,""rounds"":5}",
       273,         5,         0,   0.143,fusion_blossom,00044384dc799b7993db37713f62887b6aeca239e88a3679bb146cba1261838e,"{""d"":7,""p"":0.006,""rounds"":7}",
      8192,       152,         0,   0.079,pymatching,dd32fdff6326ac61b0d6e2520b1ca68cbe08d1b50ce844c8ef2d3407ef8d5a04,"{""d"":7,""p"":0.006,""rounds"":7}",
      1297,        74,         0,   0.022,pymatching,0b8c47bd546ca9a9a5e4f6defbbc970c814b47525b99092ce1a98e0176d8692a,"{""d"":7,""p"":0.008,""rounds"":7}",
      4096,       190,         0,   0.518,fusion_blossom,aa3948b136a890ebbeb59bfd4c5803079fad6e490e65e431b87df2c9715f1a84,"{""d"":5,""p"":0.008,""rounds"":5}",
      1024,        52,         0,   0.015,pymatching,0b8c47bd546ca9a9a5e4f6defbbc970c814b47525b99092ce1a98e0176d8692a,"{""d"":7,""p"":0.008,""rounds"":7}",
     11264,       104,         0,   0.608,fusion_blossom,e48ed67c2979de4d26a9fc9536081ea554d0aab4d424661f34f12c13fd45c431,"{""d"":5,""p"":0.004,""rounds"":5}",
      2048,       122,         0,   0.031,pymatching,0b8c47bd546ca9a9a5e4f6defbbc970c814b47525b99092ce1a98e0176d8692a,"{""d"":7,""p"":0.008,""rounds"":7}",
        17,         3,         0,   0.015,fusion_blossom,b3a3b725f1ed8baaca5befb0fd9d876f643b08252fd8db2fc4967e93abd7823d,"{""d"":7,""p"":0.008,""rounds"":7}",
      2048,       105,         0,   0.034,pymatching,0b8c47bd546ca9a9a5e4f6defbbc970c814b47525b99092ce1a98e0176d8692a,"{""d"":7,""p"":0.008,""rounds"":7}",
      9216,       192,         0,   0.105,pymatching,dd32fdff6326ac61b0d6e2520b1ca68cbe08d1b50ce844c8ef2d3407ef8d5a04,"{""d"":7,""p"":0.006,""rounds"":7}",
      3072,       147,         0,   0.056,pymatching,0b8c47bd546ca9a9a5e4f6defbbc970c814b47525b99092ce1a98e0176d8692a,"{""d"":7,""p"":0.008,""rounds"":7}",
      1024,        56,         0,   0.136,fusion_blossom,aa3948b136a890ebbeb59bfd4c5803079fad6e490e65e431b87df2c9715f1a84,"{""d"":5,""p"":0.008,""rounds"":5}",
      1024,         8,         0,   0.278,fusion_blossom,47e91f1dfbf6adbb3c46efd5d2de6f4c42a3dcf206f4703dce03013c9b309afd,"{""d"":7,""p"":0.004,""rounds"":7}",
      4096,       193,         0,   0.068,pymatching,0b8c47bd546ca9a9a5e4f6defbbc970c814b47525b99092ce1a98e0176d8692a,"{""d"":7,""p"":0.008,""rounds"":7}",
      1297,       129,         0,   0.027,pymatching,8e3b5a7956c101be9af8bfc03217f1819042e36426d934949f7e90d9a72fdc72,"{""d"":7,""p"":0.01,""rounds"":7}",
     12288,       242,         0,   0.151,pymatching,dd32fdff6326ac61b0d6e2520b1ca68cbe08d1b50ce844c8ef2d3407ef8d5a04,"{""d"":7,""p"":0.006,""rounds"":7}",
      1024,        97,         0,   0.018,pymatching,8e3b5a7956c101be9af8bfc03217f1819042e36426d934949f7e90d9a72fdc72,"{""d"":7,""p"":0.01,""rounds"":7}",
       256,        16,         0,   0.215,fusion_blossom,b3a3b725f1ed8baaca5befb0fd9d876f643b08252fd8db2fc4967e93abd7823d,"{""d"":7,""p"":0.008,""rounds"":7}",
      1024,       101,         0,   0.026,pymatching,8e3b5a7956c101be9af8bfc03217f1819042e36426d934949f7e90d9a72fdc72,"{""d"":7,""p"":0.01,""rounds"":7}",
      4096,        95,         0,   0.051,pymatching,dd32fdff6326ac61b0d6e2520b1ca68cbe08d1b50ce844c8ef2d3407ef8d5a04,"{""d"":7,""p"":0.006,""rounds"":7}",
      5120,       270,         0,   0.086,pymatching,0b8c47bd546ca9a9a5e4f6defbbc970c814b47525b99092ce1a98e0176d8692a,"{""d"":7,""p"":0.008,""rounds"":7}",
      1024,        57,         0,   0.014,pymatching,0b8c47bd546ca9a9a5e4f6defbbc970c814b47525b99092ce1a98e0176d8692a,"{""d"":7,""p"":0.008,""rounds"":7}",
      2048,       220,         0,   0.049,pymatching,8e3b5a7956c101be9af8bfc03217f1819042e36426d934949f7e90d9a72fdc72,"{""d"":7,""p"":0.01,""rounds"":7}",
      2048,       213,         0,   0.042,pymatching,8e3b5a7956c101be9af8bfc03217f1819042e36426d934949f7e90d9a72fdc72,"{""d"":7,""p"":0.01,""rounds"":7}",
       273,        43,         0,   0.012,pymatching,f3018899c352fa4d15fd3a98530c4c2097a33f9ee733bc7b2ff5f51e56d31371,"{""d"":7,""p"":0.012,""rounds"":7}",
      7168,       158,         0,   0.686,fusion_blossom,7d0121e0c425ed097122e511761d285c0bc4239c3a958797053f041ddfa0d843,"{""d"":5,""p"":0.006,""rounds"":5}",
      1024,       146,         0,   0.027,pymatching,f3018899c352fa4d15fd3a98530c4c2097a33f9ee733bc7b2ff5f51e56d31371,"{""d"":7,""p"":0.012,""rounds"":7}",
        17,         3,         0,   0.028,fusion_blossom,aeb6484fe327eb1ac9a3cf2f6ccb038a906ff38d5a3c7277d530f2615ee4435c,"{""d"":7,""p"":0.01,""rounds"":7}",
      3072,       317,         0,   0.073,pymatching,8e3b5a7956c101be9af8bfc03217f1819042e36426d934949f7e90d9a72fdc72,"{""d"":7,""p"":0.01,""rounds"":7}",
      1024,       154,         0,   0.042,pymatching,f3018899c352fa4d15fd3a98530c4c2097a33f9ee733bc7b2ff5f51e56d31371,"{""d"":7,""p"":0.012,""rounds"":7}",
      1024,       189,         0,   0.033,pymatching,f3018899c352fa4d15fd3a98530c4c2097a33f9ee733bc7b2ff5f51e56d31371,"{""d"":7,""p"":0.012,""rounds"":7}",
      1024,         6,         0,   0.325,fusion_blossom,47e91f1dfbf6adbb3c46efd5d2de6f4c42a3dcf206f4703dce03013c9b309afd,"{""d"":7,""p"":0.004,""rounds"":7}",
      1024,        18,         0,   0.575,fusion_blossom,00044384dc799b7993db37713f62887b6aeca239e88a3679bb146cba1261838e,"{""d"":7,""p"":0.006,""rounds"":7}",
      2048,       370,         0,   0.060,pymatching,f3018899c352fa4d15fd3a98530c4c2097a33f9ee733bc7b2ff5f51e56d31371,"{""d"":7,""p"":0.012,""rounds"":7}",
      1024,       173,         0,   0.025,pymatching,f3018899c352fa4d15fd3a98530c4c2097a33f9ee733bc7b2ff5f51e56d31371,"{""d"":7,""p"":0.012,""rounds"":7}",
        17,         2,         0,   0.030,fusion_blossom,4659e56cac263c4389a0c0e9c281b0b763756b168b13e2517fef7efe425f8c75,"{""d"":7,""p"":0.012,""rounds"":7}",
       273,        62,         0,   0.012,pymatching,7cb6ba22359f4d1106f21e9938aa0851e70659f0944f0d871773a1ff490ea492,"{""d"":7,""p"":0.014,""rounds"":7}",
      1024,       241,         0,   0.032,pymatching,7cb6ba22359f4d1106f21e9938aa0851e70659f0944f0d871773a1ff490ea492,"{""d"":7,""p"":0.014,""rounds"":7}",
      1024,       208,         0,   0.028,pymatching,7cb6ba22359f4d1106f21e9938aa0851e70659f0944f0d871773a1ff490ea492,"{""d"":7,""p"":0.014,""rounds"":7}",
      1024,       239,         0,   0.032,pymatching,7cb6ba22359f4d1106f21e9938aa0851e70659f0944f0d871773a1ff490ea492,"{""d"":7,""p"":0.014,""rounds"":7}",
       256,        14,         0,   0.295,fusion_blossom,aeb6484fe327eb1ac9a3cf2f6ccb038a906ff38d5a3c7277d530f2615ee4435c,"{""d"":7,""p"":0.01,""rounds"":7}",
       512,        26,         0,   0.467,fusion_blossom,b3a3b725f1ed8baaca5befb0fd9d876f643b08252fd8db2fc4967e93abd7823d,"{""d"":7,""p"":0.008,""rounds"":7}",
      1024,       259,         0,   0.033,pymatching,7cb6ba22359f4d1106f21e9938aa0851e70659f0944f0d871773a1ff490ea492,"{""d"":7,""p"":0.014,""rounds"":7}",
     13312,       122,         0,   0.808,fusion_blossom,e48ed67c2979de4d26a9fc9536081ea554d0aab4d424661f34f12c13fd45c431,"{""d"":5,""p"":0.004,""rounds"":5}",
        17,         5,         0,   0.033,fusion_blossom,828e326ef56df748a6afae9bc328c84dce9ff7c7a9501d18d020bd4ef53e8cbb,"{""d"":7,""p"":0.014,""rounds"":7}",
       256,        40,         0,   0.382,fusion_blossom,4659e56cac263c4389a0c0e9c281b0b763756b168b13e2517fef7efe425f8c75,"{""d"":7,""p"":0.012,""rounds"":7}",
      2048,         8,         0,   0.568,fusion_blossom,47e91f1dfbf6adbb3c46efd5d2de6f4c42a3dcf206f4703dce03013c9b309afd,"{""d"":7,""p"":0.004,""rounds"":7}",
      1024,        28,         0,   0.537,fusion_blossom,00044384dc799b7993db37713f62887b6aeca239e88a3679bb146cba1261838e,"{""d"":7,""p"":0.006,""rounds"":7}",
       512,        26,         0,   0.415,fusion_blossom,b3a3b725f1ed8baaca5befb0fd9d876f643b08252fd8db2fc4967e93abd7823d,"{""d"":7,""p"":0.008,""rounds"":7}",
      9216,       209,         0,   0.854,fusion_blossom,7d0121e0c425ed097122e511761d285c0bc4239c3a958797053f041ddfa0d843,"{""d"":5,""p"":0.006,""rounds"":5}",
       256,        45,         0,   0.383,fusion_blossom,4659e56cac263c4389a0c0e9c281b0b763756b168b13e2517fef7efe425f8c75,"{""d"":7,""p"":0.012,""rounds"":7}",
       512,        52,         0,   0.612,fusion_blossom,aeb6484fe327eb1ac9a3cf2f6ccb038a906ff38d5a3c7277d530f2615ee4435c,"{""d"":7,""p"":0.01,""rounds"":7}",
       256,        56,         0,   0.508,fusion_blossom,828e326ef56df748a6afae9bc328c84dce9ff7c7a9501d18d020bd4ef53e8cbb,"{""d"":7,""p"":0.014,""rounds"":7}",
       512,        17,         0,   0.400,fusion_blossom,b3a3b725f1ed8baaca5befb0fd9d876f643b08252fd8db2fc4967e93abd7823d,"{""d"":7,""p"":0.008,""rounds"":7}",
      1024,        19,         0,   0.542,fusion_blossom,00044384dc799b7993db37713f62887b6aeca239e88a3679bb146cba1261838e,"{""d"":7,""p"":0.006,""rounds"":7}",
      4096,        96,         0,   0.383,fusion_blossom,7d0121e0c425ed097122e511761d285c0bc4239c3a958797053f041ddfa0d843,"{""d"":5,""p"":0.006,""rounds"":5}",
      2048,         7,         0,   0.576,fusion_blossom,47e91f1dfbf6adbb3c46efd5d2de6f4c42a3dcf206f4703dce03013c9b309afd,"{""d"":7,""p"":0.004,""rounds"":7}",
       273,         4,         0,   0.020,fusion_blossom,e48ed67c2979de4d26a9fc9536081ea554d0aab4d424661f34f12c13fd45c431,"{""d"":5,""p"":0.004,""rounds"":5}",
       256,        46,         0,   0.407,fusion_blossom,4659e56cac263c4389a0c0e9c281b0b763756b168b13e2517fef7efe425f8c75,"{""d"":7,""p"":0.012,""rounds"":7}",
      1024,         6,         0,   0.062,fusion_blossom,e48ed67c2979de4d26a9fc9536081ea554d0aab4d424661f34f12c13fd45c431,"{""d"":5,""p"":0.004,""rounds"":5}",
      1024,         9,         0,   0.055,fusion_blossom,e48ed67c2979de4d26a9fc9536081ea554d0aab4d424661f34f12c13fd45c431,"{""d"":5,""p"":0.004,""rounds"":5}",
      1024,         7,         0,   0.059,fusion_blossom,e48ed67c2979de4d26a9fc9536081ea554d0aab4d424661f34f12c13fd45c431,"{""d"":5,""p"":0.004,""rounds"":5}",
       512,        59,         0,   0.593,fusion_blossom,aeb6484fe327eb1ac9a3cf2f6ccb038a906ff38d5a3c7277d530f2615ee4435c,"{""d"":7,""p"":0.01,""rounds"":7}",
       256,        56,         0,   0.527,fusion_blossom,828e326ef56df748a6afae9bc328c84dce9ff7c7a9501d18d020bd4ef53e8cbb,"{""d"":7,""p"":0.014,""rounds"":7}",
      1024,         4,         0,   0.057,fusion_blossom,e48ed67c2979de4d26a9fc9536081ea554d0aab4d424661f34f12c13fd45c431,"{""d"":5,""p"":0.004,""rounds"":5}",
     19456,       141,         0,    1.14,fusion_blossom,e48ed67c2979de4d26a9fc9536081ea554d0aab4d424661f34f12c13fd45c431,"{""d"":5,""p"":0.004,""rounds"":5}",
       512,        36,         0,   0.458,fusion_blossom,b3a3b725f1ed8baaca5befb0fd9d876f643b08252fd8db2fc4967e93abd7823d,"{""d"":7,""p"":0.008,""rounds"":7}",
      2048,        18,         0,   0.111,fusion_blossom,e48ed67c2979de4d26a9fc9536081ea554d0aab4d424661f34f12c13fd45c431,"{""d"":5,""p"":0.004,""rounds"":5}",
       256,        43,         0,   0.366,fusion_blossom,4659e56cac263c4389a0c0e9c281b0b763756b168b13e2517fef7efe425f8c75,"{""d"":7,""p"":0.012,""rounds"":7}",
      1024,        24,         0,   0.520,fusion_blossom,00044384dc799b7993db37713f62887b6aeca239e88a3679bb146cba1261838e,"{""d"":7,""p"":0.006,""rounds"":7}",
      2048,        18,         0,   0.117,fusion_blossom,e48ed67c2979de4d26a9fc9536081ea554d0aab4d424661f34f12c13fd45c431,"{""d"":5,""p"":0.004,""rounds"":5}",
      2048,        14,         0,   0.115,fusion_blossom,e48ed67c2979de4d26a9fc9536081ea554d0aab4d424661f34f12c13fd45c431,"{""d"":5,""p"":0.004,""rounds"":5}",
       512,        27,         0,   0.407,fusion_blossom,b3a3b725f1ed8baaca5befb0fd9d876f643b08252fd8db2fc4967e93abd7823d,"{""d"":7,""p"":0.008,""rounds"":7}",
       256,        67,         0,   0.501,fusion_blossom,828e326ef56df748a6afae9bc328c84dce9ff7c7a9501d18d020bd4ef53e8cbb,"{""d"":7,""p"":0.014,""rounds"":7}",
      3072,        14,         0,   0.825,fusion_blossom,47e91f1dfbf6adbb3c46efd5d2de6f4c42a3dcf206f4703dce03013c9b309afd,"{""d"":7,""p"":0.004,""rounds"":7}",
      3072,        15,         0,   0.180,fusion_blossom,e48ed67c2979de4d26a9fc9536081ea554d0aab4d424661f34f12c13fd45c431,"{""d"":5,""p"":0.004,""rounds"":5}",
       256,        42,         0,   0.403,fusion_blossom,4659e56cac263c4389a0c0e9c281b0b763756b168b13e2517fef7efe425f8c75,"{""d"":7,""p"":0.012,""rounds"":7}",
       512,        64,         0,   0.607,fusion_blossom,aeb6484fe327eb1ac9a3cf2f6ccb038a906ff38d5a3c7277d530f2615ee4435c,"{""d"":7,""p"":0.01,""rounds"":7}",
      1024,        21,         0,   0.536,fusion_blossom,00044384dc799b7993db37713f62887b6aeca239e88a3679bb146cba1261838e,"{""d"":7,""p"":0.006,""rounds"":7}",
      4096,        29,         0,   0.233,fusion_blossom,e48ed67c2979de4d26a9fc9536081ea554d0aab4d424661f34f12c13fd45c431,"{""d"":5,""p"":0.004,""rounds"":5}",
       512,        25,         0,   0.422,fusion_blossom,b3a3b725f1ed8baaca5befb0fd9d876f643b08252fd8db2fc4967e93abd7823d,"{""d"":7,""p"":0.008,""rounds"":7}",
       256,        39,         0,   0.428,fusion_blossom,4659e56cac263c4389a0c0e9c281b0b763756b168b13e2517fef7efe425f8c75,"{""d"":7,""p"":0.012,""rounds"":7}",
       256,        59,         0,   0.513,fusion_blossom,828e326ef56df748a6afae9bc328c84dce9ff7c7a9501d18d020bd4ef53e8cbb,"{""d"":7,""p"":0.014,""rounds"":7}",
      5120,        44,         0,   0.298,fusion_blossom,e48ed67c2979de4d26a9fc9536081ea554d0aab4d424661f34f12c13fd45c431,"{""d"":5,""p"":0.004,""rounds"":5}",
       512,        52,         0,   0.612,fusion_blossom,aeb6484fe327eb1ac9a3cf2f6ccb038a906ff38d5a3c7277d530f2615ee4435c,"{""d"":7,""p"":0.01,""rounds"":7}",
      1024,        18,         0,   0.539,fusion_blossom,00044384dc799b7993db37713f62887b6aeca239e88a3679bb146cba1261838e,"{""d"":7,""p"":0.006,""rounds"":7}",
       512,        25,         0,   0.422,fusion_blossom,b3a3b725f1ed8baaca5befb0fd9d876f643b08252fd8db2fc4967e93abd7823d,"{""d"":7,""p"":0.008,""rounds"":7}",
      3072,        13,         0,   0.846,fusion_blossom,47e91f1dfbf6adbb3c46efd5d2de6f4c42a3dcf206f4703dce03013c9b309afd,"{""d"":7,""p"":0.004,""rounds"":7}",
       256,        51,         0,   0.404,fusion_blossom,4659e56cac263c4389a0c0e9c281b0b763756b168b13e2517fef7efe425f8c75,"{""d"":7,""p"":0.012,""rounds"":7}",
      7168,        61,         0,   0.422,fusion_blossom,e48ed67c2979de4d26a9fc9536081ea554d0aab4d424661f34f12c13fd45c431,"{""d"":5,""p"":0.004,""rounds"":5}",
       256,        69,         0,   0.540,fusion_blossom,828e326ef56df748a6afae9bc328c84dce9ff7c7a9501d18d020bd4ef53e8cbb,"{""d"":7,""p"":0.014,""rounds"":7}",
     26624,       188,         0,    1.59,fusion_blossom,e48ed67c2979de4d26a9fc9536081ea554d0aab4d424661f34f12c13fd45c431,"{""d"":5,""p"":0.004,""rounds"":5}",
      3072,        25,         0,   0.176,fusion_blossom,e48ed67c2979de4d26a9fc9536081ea554d0aab4d424661f34f12c13fd45c431,"{""d"":5,""p"":0.004,""rounds"":5}",
      1024,         6,         0,   0.056,fusion_blossom,e48ed67c2979de4d26a9fc9536081ea554d0aab4d424661f34f12c13fd45c431,"{""d"":5,""p"":0.004,""rounds"":5}",
       512,        24,         0,   0.428,fusion_blossom,b3a3b725f1ed8baaca5befb0fd9d876f643b08252fd8db2fc4967e93abd7823d,"{""d"":7,""p"":0.008,""rounds"":7}",
      1024,        19,         0,   0.483,fusion_blossom,00044384dc799b7993db37713f62887b6aeca239e88a3679bb146cba1261838e,"{""d"":7,""p"":0.006,""rounds"":7}",
        17,         1,         0,   0.011,fusion_blossom,00044384dc799b7993db37713f62887b6aeca239e88a3679bb146cba1261838e,"{""d"":7,""p"":0.006,""rounds"":7}",
       256,        65,         0,   0.381,fusion_blossom,4659e56cac263c4389a0c0e9c281b0b763756b168b13e2517fef7efe425f8c75,"{""d"":7,""p"":0.012,""rounds"":7}",
       512,        59,         0,   0.582,fusion_blossom,aeb6484fe327eb1ac9a3cf2f6ccb038a906ff38d5a3c7277d530f2615ee4435c,"{""d"":7,""p"":0.01,""rounds"":7}",
       256,         5,         0,   0.123,fusion_blossom,00044384dc799b7993db37713f62887b6aeca239e88a3679bb146cba1261838e,"{""d"":7,""p"":0.006,""rounds"":7}",
         1,         0,         0,   0.001,fusion_blossom,47e91f1dfbf6adbb3c46efd5d2de6f4c42a3dcf206f4703dce03013c9b309afd,"{""d"":7,""p"":0.004,""rounds"":7}",
       272,         3,         0,   0.073,fusion_blossom,47e91f1dfbf6adbb3c46efd5d2de6f4c42a3dcf206f4703dce03013c9b309afd,"{""d"":7,""p"":0.004,""rounds"":7}",
       256,        56,         0,   0.533,fusion_blossom,828e326ef56df748a6afae9bc328c84dce9ff7c7a9501d18d020bd4ef53e8cbb,"{""d"":7,""p"":0.014,""rounds"":7}",
       512,        31,         0,   0.394,fusion_blossom,b3a3b725f1ed8baaca5befb0fd9d876f643b08252fd8db2fc4967e93abd7823d,"{""d"":7,""p"":0.008,""rounds"":7}",
       256,        38,         0,   0.430,fusion_blossom,4659e56cac263c4389a0c0e9c281b0b763756b168b13e2517fef7efe425f8c75,"{""d"":7,""p"":0.012,""rounds"":7}",
      1024,         7,         0,   0.280,fusion_blossom,47e91f1dfbf6adbb3c46efd5d2de6f4c42a3dcf206f4703dce03013c9b309afd,"{""d"":7,""p"":0.004,""rounds"":7}",
      1024,        19,         0,   0.547,fusion_blossom,00044384dc799b7993db37713f62887b6aeca239e88a3679bb146cba1261838e,"{""d"":7,""p"":0.006,""rounds"":7}",
       512,        48,         0,   0.608,fusion_blossom,aeb6484fe327eb1ac9a3cf2f6ccb038a906ff38d5a3c7277d530f2615ee4435c,"{""d"":7,""p"":0.01,""rounds"":7}",
      1024,        16,         0,   0.544,fusion_blossom,00044384dc799b7993db37713f62887b6aeca239e88a3679bb146cba1261838e,"{""d"":7,""p"":0.006,""rounds"":7}",
      4096,        17,         0,    1.12,fusion_blossom,47e91f1dfbf6adbb3c46efd5d2de6f4c42a3dcf206f4703dce03013c9b309afd,"{""d"":7,""p"":0.004,""rounds"":7}",
      1024,         3,         0,   0.276,fusion_blossom,47e91f1dfbf6adbb3c46efd5d2de6f4c42a3dcf206f4703dce03013c9b309afd,"{""d"":7,""p"":0.004,""rounds"":7}",
       256,        35,         0,   0.394,fusion_blossom,4659e56cac263c4389a0c0e9c281b0b763756b168b13e2517fef7efe425f8c75,"{""d"":7,""p"":0.012,""rounds"":7}",
       256,        63,         0,   0.541,fusion_blossom,828e326ef56df748a6afae9bc328c84dce9ff7c7a9501d18d020bd4ef53e8cbb,"{""d"":7,""p"":0.014,""rounds"":7}",
      1024,         9,         0,   0.288,fusion_blossom,47e91f1dfbf6adbb3c46efd5d2de6f4c42a3dcf206f4703dce03013c9b309afd,"{""d"":7,""p"":0.004,""rounds"":7}",
      1024,        21,         0,   0.560,fusion_blossom,00044384dc799b7993db37713f62887b6aeca239e88a3679bb146cba1261838e,"{""d"":7,""p"":0.006,""rounds"":7}",
      1024,        62,         0,   0.799,fusion_blossom,b3a3b725f1ed8baaca5befb0fd9d876f643b08252fd8db2fc4967e93abd7823d,"{""d"":7,""p"":0.008,""rounds"":7}",
      1024,        18,         0,   0.542,fusion_blossom,00044384dc799b7993db37713f62887b6aeca239e88a3679bb146cba1261838e,"{""d"":7,""p"":0.006,""rounds"":7}",
       512,        64,         0,   0.641,fusion_blossom,aeb6484fe327eb1ac9a3cf2f6ccb038a906ff38d5a3c7277d530f2615ee4435c,"{""d"":7,""p"":0.01,""rounds"":7}",
       256,        43,         0,   0.451,fusion_blossom,4659e56cac263c4389a0c0e9c281b0b763756b168b13e2517fef7efe425f8c75,"{""d"":7,""p"":0.012,""rounds"":7}",
      1024,         3,         0,   0.273,fusion_blossom,47e91f1dfbf6adbb3c46efd5d2de6f4c42a3dcf206f4703dce03013c9b309afd,"{""d"":7,""p"":0.004,""rounds"":7}",
       256,        57,         0,   0.507,fusion_blossom,828e326ef56df748a6afae9bc328c84dce9ff7c7a9501d18d020bd4ef53e8cbb,"{""d"":7,""p"":0.014,""rounds"":7}",
      1024,         2,         0,   0.272,fusion_blossom,47e91f1dfbf6adbb3c46efd5d2de6f4c42a3dcf206f4703dce03013c9b309afd,"{""d"":7,""p"":0.004,""rounds"":7}",
      1024,        25,         0,   0.536,fusion_blossom,00044384dc799b7993db37713f62887b6aeca239e88a3679bb146cba1261838e,"{""d"":7,""p"":0.006,""rounds"":7}",
      1024,        21,         0,   0.504,fusion_blossom,00044384dc799b7993db37713f62887b6aeca239e88a3679bb146cba1261838e,"{""d"":7,""p"":0.006,""rounds"":7}",
       256,        66,         0,   0.492,fusion_blossom,828e326ef56df748a6afae9bc328c84dce9ff7c7a9501d18d020bd4ef53e8cbb,"{""d"":7,""p"":0.014,""rounds"":7}",
      1024,         6,         0,   0.269,fusion_blossom,47e91f1dfbf6adbb3c46efd5d2de6f4c42a3dcf206f4703dce03013c9b309afd,"{""d"":7,""p"":0.004,""rounds"":7}",
       512,        59,         0,   0.598,fusion_blossom,aeb6484fe327eb1ac9a3cf2f6ccb038a906ff38d5a3c7277d530f2615ee4435c,"{""d"":7,""p"":0.01,""rounds"":7}",
      1024,        49,         0,   0.856,fusion_blossom,b3a3b725f1ed8baaca5befb0fd9d876f643b08252fd8db2fc4967e93abd7823d,"{""d"":7,""p"":0.008,""rounds"":7}",
       512,        88,         0,   0.791,fusion_blossom,4659e56cac263c4389a0c0e9c281b0b763756b168b13e2517fef7efe425f8c75,"{""d"":7,""p"":0.012,""rounds"":7}",
      1024,        13,         0,   0.503,fusion_blossom,00044384dc799b7993db37713f62887b6aeca239e88a3679bb146cba1261838e,"{""d"":7,""p"":0.006,""rounds"":7}",
      1024,        10,         0,   0.277,fusion_blossom,47e91f1dfbf6adbb3c46efd5d2de6f4c42a3dcf206f4703dce03013c9b309afd,"{""d"":7,""p"":0.004,""rounds"":7}",
      1024,        25,         0,   0.537,fusion_blossom,00044384dc799b7993db37713f62887b6aeca239e88a3679bb146cba1261838e,"{""d"":7,""p"":0.006,""rounds"":7}",
       256,        63,         0,   0.539,fusion_blossom,828e326ef56df748a6afae9bc328c84dce9ff7c7a9501d18d020bd4ef53e8cbb,"{""d"":7,""p"":0.014,""rounds"":7}",
      6144,        27,         0,    1.69,fusion_blossom,47e91f1dfbf6adbb3c46efd5d2de6f4c42a3dcf206f4703dce03013c9b309afd,"{""d"":7,""p"":0.004,""rounds"":7}",
      1024,         5,         0,   0.279,fusion_blossom,47e91f1dfbf6adbb3c46efd5d2de6f4c42a3dcf206f4703dce03013c9b309afd,"{""d"":7,""p"":0.004,""rounds"":7}",
       512,        51,         0,   0.636,fusion_blossom,aeb6484fe327eb1ac9a3cf2f6ccb038a906ff38d5a3c7277d530f2615ee4435c,"{""d"":7,""p"":0.01,""rounds"":7}",
      1024,         2,         0,   0.349,fusion_blossom,47e91f1dfbf6adbb3c46efd5d2de6f4c42a3dcf206f4703dce03013c9b309afd,"{""d"":7,""p"":0.004,""rounds"":7}",
      1024,        15,         0,   0.619,fusion_blossom,00044384dc799b7993db37713f62887b6aeca239e88a3679bb146cba1261838e,"{""d"":7,""p"":0.006,""rounds"":7}",
      1024,        44,         0,   0.896,fusion_blossom,b3a3b725f1ed8baaca5befb0fd9d876f643b08252fd8db2fc4967e93abd7823d,"{""d"":7,""p"":0.008,""rounds"":7}",
       512,       107,         0,   0.854,fusion_blossom,4659e56cac263c4389a0c0e9c281b0b763756b168b13e2517fef7efe425f8c75,"{""d"":7,""p"":0.012,""rounds"":7}",
       256,        69,         0,   0.586,fusion_blossom,828e326ef56df748a6afae9bc328c84dce9ff7c7a9501d18d020bd4ef53e8cbb,"{""d"":7,""p"":0.014,""rounds"":7}",
       512,        56,         0,   0.660,fusion_blossom,aeb6484fe327eb1ac9a3cf2f6ccb038a906ff38d5a3c7277d530f2615ee4435c,"{""d"":7,""p"":0.01,""rounds"":7}",
      2048,        47,         0,    1.15,fusion_blossom,00044384dc799b7993db37713f62887b6aeca239e88a3679bb146cba1261838e,"{""d"":7,""p"":0.006,""rounds"":7}",
      2048,        10,         0,   0.583,fusion_blossom,47e91f1dfbf6adbb3c46efd5d2de6f4c42a3dcf206f4703dce03013c9b309afd,"{""d"":7,""p"":0.004,""rounds"":7}",
      1024,        26,         0,   0.554,fusion_blossom,00044384dc799b7993db37713f62887b6aeca239e88a3679bb146cba1261838e,"{""d"":7,""p"":0.006,""rounds"":7}",
       512,        52,         0,   0.626,fusion_blossom,aeb6484fe327eb1ac9a3cf2f6ccb038a906ff38d5a3c7277d530f2615ee4435c,"{""d"":7,""p"":0.01,""rounds"":7}",
      2048,         8,         0,   0.585,fusion_blossom,47e91f1dfbf6adbb3c46efd5d2de6f4c42a3dcf206f4703dce03013c9b309afd,"{""d"":7,""p"":0.004,""rounds"":7}",
      1024,        17,         0,   0.537,fusion_blossom,00044384dc799b7993db37713f62887b6aeca239e88a3679bb146cba1261838e,"{""d"":7,""p"":0.006,""rounds"":7}",
       512,       125,         0,    1.08,fusion_blossom,828e326ef56df748a6afae9bc328c84dce9ff7c7a9501d18d020bd4ef53e8cbb,"{""d"":7,""p"":0.014,""rounds"":7}",
      1536,        83,         0,    1.26,fusion_blossom,b3a3b725f1ed8baaca5befb0fd9d876f643b08252fd8db2fc4967e93abd7823d,"{""d"":7,""p"":0.008,""rounds"":7}",
       768,       121,         0,    1.28,fusion_blossom,4659e56cac263c4389a0c0e9c281b0b763756b168b13e2517fef7efe425f8c75,"{""d"":7,""p"":0.012,""rounds"":7}",
      2048,        27,         0,    1.02,fusion_blossom,00044384dc799b7993db37713f62887b6aeca239e88a3679bb146cba1261838e,"{""d"":7,""p"":0.006,""rounds"":7}",
      1024,        20,         0,   0.511,fusion_blossom,00044384dc799b7993db37713f62887b6aeca239e88a3679bb146cba1261838e,"{""d"":7,""p"":0.006,""rounds"":7}",
      8192,        44,         0,    2.29,fusion_blossom,47e91f1dfbf6adbb3c46efd5d2de6f4c42a3dcf206f4703dce03013c9b309afd,"{""d"":7,""p"":0.004,""rounds"":7}",
      3072,        10,         0,   0.814,fusion_blossom,47e91f1dfbf6adbb3c46efd5d2de6f4c42a3dcf206f4703dce03013c9b309afd,"{""d"":7,""p"":0.004,""rounds"":7}",
      1024,        92,         0,    1.19,fusion_blossom,aeb6484fe327eb1ac9a3cf2f6ccb038a906ff38d5a3c7277d530f2615ee4435c,"{""d"":7,""p"":0.01,""rounds"":7}",
      1024,        27,         0,   0.577,fusion_blossom,00044384dc799b7993db37713f62887b6aeca239e88a3679bb146cba1261838e,"{""d"":7,""p"":0.006,""rounds"":7}",
       512,       118,         0,    1.06,fusion_blossom,828e326ef56df748a6afae9bc328c84dce9ff7c7a9501d18d020bd4ef53e8cbb,"{""d"":7,""p"":0.014,""rounds"":7}",
      1024,        21,         0,   0.518,fusion_blossom,00044384dc799b7993db37713f62887b6aeca239e88a3679bb146cba1261838e,"{""d"":7,""p"":0.006,""rounds"":7}",
      3072,        63,         0,    1.54,fusion_blossom,00044384dc799b7993db37713f62887b6aeca239e88a3679bb146cba1261838e,"{""d"":7,""p"":0.006,""rounds"":7}",
      1024,       178,         0,    1.62,fusion_blossom,4659e56cac263c4389a0c0e9c281b0b763756b168b13e2517fef7efe425f8c75,"{""d"":7,""p"":0.012,""rounds"":7}",
      2048,       116,         0,    1.68,fusion_blossom,b3a3b725f1ed8baaca5befb0fd9d876f643b08252fd8db2fc4967e93abd7823d,"{""d"":7,""p"":0.008,""rounds"":7}",
      4096,        17,         0,    1.13,fusion_blossom,47e91f1dfbf6adbb3c46efd5d2de6f4c42a3dcf206f4703dce03013c9b309afd,"{""d"":7,""p"":0.004,""rounds"":7}",
       512,       125,         0,   0.985,fusion_blossom,828e326ef56df748a6afae9bc328c84dce9ff7c7a9501d18d020bd4ef53e8cbb,"{""d"":7,""p"":0.014,""rounds"":7}",
      1024,       108,         0,    1.21,fusion_blossom,aeb6484fe327eb1ac9a3cf2f6ccb038a906ff38d5a3c7277d530f2615ee4435c,"{""d"":7,""p"":0.01,""rounds"":7}",
       256,        45,         0,   0.391,fusion_blossom,4659e56cac263c4389a0c0e9c281b0b763756b168b13e2517fef7efe425f8c75,"{""d"":7,""p"":0.012,""rounds"":7}",
         1,         0,         0,   0.001,fusion_blossom,b3a3b725f1ed8baaca5befb0fd9d876f643b08252fd8db2fc4967e93abd7823d,"{""d"":7,""p"":0.008,""rounds"":7}",
        16,         1,         0,   0.018,fusion_blossom,b3a3b725f1ed8baaca5befb0fd9d876f643b08252fd8db2fc4967e93abd7823d,"{""d"":7,""p"":0.008,""rounds"":7}",
       256,        14,         0,   0.207,fusion_blossom,b3a3b725f1ed8baaca5befb0fd9d876f643b08252fd8db2fc4967e93abd7823d,"{""d"":7,""p"":0.008,""rounds"":7}",
      2048,        42,         0,    1.06,fusion_blossom,00044384dc799b7993db37713f62887b6aeca239e88a3679bb146cba1261838e,"{""d"":7,""p"":0.006,""rounds"":7}",
         1,         0,         0,   0.002,fusion_blossom,aeb6484fe327eb1ac9a3cf2f6ccb038a906ff38d5a3c7277d530f2615ee4435c,"{""d"":7,""p"":0.01,""rounds"":7}",
        16,         1,         0,   0.016,fusion_blossom,aeb6484fe327eb1ac9a3cf2f6ccb038a906ff38d5a3c7277d530f2615ee4435c,"{""d"":7,""p"":0.01,""rounds"":7}",
       512,        21,         0,   0.405,fusion_blossom,b3a3b725f1ed8baaca5befb0fd9d876f643b08252fd8db2fc4967e93abd7823d,"{""d"":7,""p"":0.008,""rounds"":7}",
       256,        28,         0,   0.414,fusion_blossom,aeb6484fe327eb1ac9a3cf2f6ccb038a906ff38d5a3c7277d530f2615ee4435c,"{""d"":7,""p"":0.01,""rounds"":7}",
       512,        30,         0,   0.542,fusion_blossom,b3a3b725f1ed8baaca5befb0fd9d876f643b08252fd8db2fc4967e93abd7823d,"{""d"":7,""p"":0.008,""rounds"":7}",
      3072,        48,         0,    1.69,fusion_blossom,00044384dc799b7993db37713f62887b6aeca239e88a3679bb146cba1261838e,"{""d"":7,""p"":0.006,""rounds"":7}",
       256,        36,         0,   0.297,fusion_blossom,aeb6484fe327eb1ac9a3cf2f6ccb038a906ff38d5a3c7277d530f2615ee4435c,"{""d"":7,""p"":0.01,""rounds"":7}",
      6144,        26,         0,    1.76,fusion_blossom,47e91f1dfbf6adbb3c46efd5d2de6f4c42a3dcf206f4703dce03013c9b309afd,"{""d"":7,""p"":0.004,""rounds"":7}",
      2048,        46,         0,    1.14,fusion_blossom,00044384dc799b7993db37713f62887b6aeca239e88a3679bb146cba1261838e,"{""d"":7,""p"":0.006,""rounds"":7}",
     11264,        60,         0,    3.11,fusion_blossom,47e91f1dfbf6adbb3c46efd5d2de6f4c42a3dcf206f4703dce03013c9b309afd,"{""d"":7,""p"":0.004,""rounds"":7}",
       512,        24,         0,   0.435,fusion_blossom,b3a3b725f1ed8baaca5befb0fd9d876f643b08252fd8db2fc4967e93abd7823d,"{""d"":7,""p"":0.008,""rounds"":7}",
      1536,       145,         0,    1.88,fusion_blossom,aeb6484fe327eb1ac9a3cf2f6ccb038a906ff38d5a3c7277d530f2615ee4435c,"{""d"":7,""p"":0.01,""rounds"":7}",
       512,        49,         0,   0.609,fusion_blossom,aeb6484fe327eb1ac9a3cf2f6ccb038a906ff38d5a3c7277d530f2615ee4435c,"{""d"":7,""p"":0.01,""rounds"":7}",
       512,        26,         0,   0.416,fusion_blossom,b3a3b725f1ed8baaca5befb0fd9d876f643b08252fd8db2fc4967e93abd7823d,"{""d"":7,""p"":0.008,""rounds"":7}",
      3072,       162,         0,    2.55,fusion_blossom,b3a3b725f1ed8baaca5befb0fd9d876f643b08252fd8db2fc4967e93abd7823d,"{""d"":7,""p"":0.008,""rounds"":7}",
       512,        52,         0,   0.590,fusion_blossom,aeb6484fe327eb1ac9a3cf2f6ccb038a906ff38d5a3c7277d530f2615ee4435c,"{""d"":7,""p"":0.01,""rounds"":7}",
       512,        27,         0,   0.393,fusion_blossom,b3a3b725f1ed8baaca5befb0fd9d876f643b08252fd8db2fc4967e93abd7823d,"{""d"":7,""p"":0.008,""rounds"":7}",
         1,         0,         0,   0.001,fusion_blossom,00044384dc799b7993db37713f62887b6aeca239e88a3679bb146cba1261838e,"{""d"":7,""p"":0.006,""rounds"":7}",
       273,         1,         0,   0.076,fusion_blossom,47e91f1dfbf6adbb3c46efd5d2de6f4c42a3dcf206f4703dce03013c9b309afd,"{""d"":7,""p"":0.004,""rounds"":7}",
       272,         3,         0,   0.129,fusion_blossom,00044384dc799b7993db37713f62887b6aeca239e88a3679bb146cba1261838e,"{""d"":7,""p"":0.006,""rounds"":7}",
       512,        23,         0,   0.416,fusion_blossom,b3a3b725f1ed8baaca5befb0fd9d876f643b08252fd8db2fc4967e93abd7823d,"{""d"":7,""p"":0.008,""rounds"":7}",
      1024,        10,         0,   0.283,fusion_blossom,47e91f1dfbf6adbb3c46efd5d2de6f4c42a3dcf206f4703dce03013c9b309afd,"{""d"":7,""p"":0.004,""rounds"":7}",
      3072,        54,         0,    1.51,fusion_blossom,00044384dc799b7993db37713f62887b6aeca239e88a3679bb146cba1261838e,"{""d"":7,""p"":0.006,""rounds"":7}",
      1024,         3,         0,   0.272,fusion_blossom,47e91f1dfbf6adbb3c46efd5d2de6f4c42a3dcf206f4703dce03013c9b309afd,"{""d"":7,""p"":0.004,""rounds"":7}",
      1024,        17,         0,   0.529,fusion_blossom,00044384dc799b7993db37713f62887b6aeca239e88a3679bb146cba1261838e,"{""d"":7,""p"":0.006,""rounds"":7}",
       512,        30,         0,   0.405,fusion_blossom,b3a3b725f1ed8baaca5befb0fd9d876f643b08252fd8db2fc4967e93abd7823d,"{""d"":7,""p"":0.008,""rounds"":7}",
      1024,         4,         0,   0.291,fusion_blossom,47e91f1dfbf6adbb3c46efd5d2de6f4c42a3dcf206f4703dce03013c9b309afd,"{""d"":7,""p"":0.004,""rounds"":7}",
       512,        33,         0,   0.420,fusion_blossom,b3a3b725f1ed8baaca5befb0fd9d876f643b08252fd8db2fc4967e93abd7823d,"{""d"":7,""p"":0.008,""rounds"":7}",
      1024,         3,         0,   0.275,fusion_blossom,47e91f1dfbf6adbb3c46efd5d2de6f4c42a3dcf206f4703dce03013c9b309afd,"{""d"":7,""p"":0.004,""rounds"":7}",
      1024,        19,         0,   0.555,fusion_blossom,00044384dc799b7993db37713f62887b6aeca239e88a3679bb146cba1261838e,"{""d"":7,""p"":0.006,""rounds"":7}",
      2048,       106,         0,    1.61,fusion_blossom,b3a3b725f1ed8baaca5befb0fd9d876f643b08252fd8db2fc4967e93abd7823d,"{""d"":7,""p"":0.008,""rounds"":7}",
      9216,        51,         0,    2.40,fusion_blossom,47e91f1dfbf6adbb3c46efd5d2de6f4c42a3dcf206f4703dce03013c9b309afd,"{""d"":7,""p"":0.004,""rounds"":7}",
      5120,        89,         0,    2.53,fusion_blossom,00044384dc799b7993db37713f62887b6aeca239e88a3679bb146cba1261838e,"{""d"":7,""p"":0.006,""rounds"":7}",
      1024,         4,         0,   0.256,fusion_blossom,47e91f1dfbf6adbb3c46efd5d2de6f4c42a3dcf206f4703dce03013c9b309afd,"{""d"":7,""p"":0.004,""rounds"":7}",
       512,        31,         0,   0.390,fusion_blossom,b3a3b725f1ed8baaca5befb0fd9d876f643b08252fd8db2fc4967e93abd7823d,"{""d"":7,""p"":0.008,""rounds"":7}",
      1024,         3,         0,   0.245,fusion_blossom,47e91f1dfbf6adbb3c46efd5d2de6f4c42a3dcf206f4703dce03013c9b309afd,"{""d"":7,""p"":0.004,""rounds"":7}",
       273,         2,         0,   0.082,fusion_blossom,47e91f1dfbf6adbb3c46efd5d2de6f4c42a3dcf206f4703dce03013c9b309afd,"{""d"":7,""p"":0.004,""rounds"":7}",
      1024,        21,         0,   0.469,fusion_blossom,00044384dc799b7993db37713f62887b6aeca239e88a3679bb146cba1261838e,"{""d"":7,""p"":0.006,""rounds"":7}",
         1,         0,         0,   0.001,fusion_blossom,00044384dc799b7993db37713f62887b6aeca239e88a3679bb146cba1261838e,"{""d"":7,""p"":0.006,""rounds"":7}",
        16,         0,         0,   0.014,fusion_blossom,00044384dc799b7993db37713f62887b6aeca239e88a3679bb146cba1261838e,"{""d"":7,""p"":0.006,""rounds"":7}",
       256,         4,         0,   0.117,fusion_blossom,00044384dc799b7993db37713f62887b6aeca239e88a3679bb146cba1261838e,"{""d"":7,""p"":0.006,""rounds"":7}",
      1024,         5,         0,   0.286,fusion_blossom,47e91f1dfbf6adbb3c46efd5d2de6f4c42a3dcf206f4703dce03013c9b309afd,"{""d"":7,""p"":0.004,""rounds"":7}",
      1024,         6,         0,   0.280,fusion_blossom,47e91f1dfbf6adbb3c46efd5d2de6f4c42a3dcf206f4703dce03013c9b309afd,"{""d"":7,""p"":0.004,""rounds"":7}",
      1024,        22,         0,   0.501,fusion_blossom,00044384dc799b7993db37713f62887b6aeca239e88a3679bb146cba1261838e,"{""d"":7,""p"":0.006,""rounds"":7}",
      1024,         1,         0,   0.273,fusion_blossom,47e91f1dfbf6adbb3c46efd5d2de6f4c42a3dcf206f4703dce03013c9b309afd,"{""d"":7,""p"":0.004,""rounds"":7}",
      1024,         6,         0,   0.263,fusion_blossom,47e91f1dfbf6adbb3c46efd5d2de6f4c42a3dcf206f4703dce03013c9b309afd,"{""d"":7,""p"":0.004,""rounds"":7}",
      1024,        18,         0,   0.505,fusion_blossom,00044384dc799b7993db37713f62887b6aeca239e88a3679bb146cba1261838e,"{""d"":7,""p"":0.006,""rounds"":7}",
      1024,         4,         0,   0.278,fusion_blossom,47e91f1dfbf6adbb3c46efd5d2de6f4c42a3dcf206f4703dce03013c9b309afd,"{""d"":7,""p"":0.004,""rounds"":7}",
      1024,         2,         0,   0.316,fusion_blossom,47e91f1dfbf6adbb3c46efd5d2de6f4c42a3dcf206f4703dce03013c9b309afd,"{""d"":7,""p"":0.004,""rounds"":7}",
      4096,        79,         0,    2.08,fusion_blossom,00044384dc799b7993db37713f62887b6aeca239e88a3679bb146cba1261838e,"{""d"":7,""p"":0.006,""rounds"":7}",
      1024,        22,         0,   0.556,fusion_blossom,00044384dc799b7993db37713f62887b6aeca239e88a3679bb146cba1261838e,"{""d"":7,""p"":0.006,""rounds"":7}",
      1024,         6,         0,   0.287,fusion_blossom,47e91f1dfbf6adbb3c46efd5d2de6f4c42a3dcf206f4703dce03013c9b309afd,"{""d"":7,""p"":0.004,""rounds"":7}",
      3072,        56,         0,    1.56,fusion_blossom,00044384dc799b7993db37713f62887b6aeca239e88a3679bb146cba1261838e,"{""d"":7,""p"":0.006,""rounds"":7}",
      1024,        22,         0,   0.549,fusion_blossom,00044384dc799b7993db37713f62887b6aeca239e88a3679bb146cba1261838e,"{""d"":7,""p"":0.006,""rounds"":7}",
      2048,         9,         0,   0.515,fusion_blossom,47e91f1dfbf6adbb3c46efd5d2de6f4c42a3dcf206f4703dce03013c9b309afd,"{""d"":7,""p"":0.004,""rounds"":7}",
      1024,        17,         0,   0.471,fusion_blossom,00044384dc799b7993db37713f62887b6aeca239e88a3679bb146cba1261838e,"{""d"":7,""p"":0.006,""rounds"":7}",
      1024,         2,         0,   0.228,fusion_blossom,47e91f1dfbf6adbb3c46efd5d2de6f4c42a3dcf206f4703dce03013c9b309afd,"{""d"":7,""p"":0.004,""rounds"":7}",
         1,         0,         0,   0.000,fusion_blossom,47e91f1dfbf6adbb3c46efd5d2de6f4c42a3dcf206f4703dce03013c9b309afd,"{""d"":7,""p"":0.004,""rounds"":7}",
         1,         0,         0,   0.001,fusion_blossom,47e91f1dfbf6adbb3c46efd5d2de6f4c42a3dcf206f4703dce03013c9b309afd,"{""d"":7,""p"":0.004,""rounds"":7}",
       273,         0,         0,   0.072,fusion_blossom,47e91f1dfbf6adbb3c46efd5d2de6f4c42a3dcf206f4703dce03013c9b309afd,"{""d"":7,""p"":0.004,""rounds"":7}",
       272,         1,         0,   0.069,fusion_blossom,47e91f1dfbf6adbb3c46efd5d2de6f4c42a3dcf206f4703dce03013c9b309afd,"{""d"":7,""p"":0.004,""rounds"":7}",
       272,         2,         0,   0.070,fusion_blossom,47e91f1dfbf6adbb3c46efd5d2de6f4c42a3dcf206f4703dce03013c9b309afd,"{""d"":7,""p"":0.004,""rounds"":7}",
         1,         0,         0,   0.001,fusion_blossom,47e91f1dfbf6adbb3c46efd5d2de6f4c42a3dcf206f4703dce03013c9b309afd,"{""d"":7,""p"":0.004,""rounds"":7}",
        32,         0,         0,   0.013,fusion_blossom,47e91f1dfbf6adbb3c46efd5d2de6f4c42a3dcf206f4703dce03013c9b309afd,"{""d"":7,""p"":0.004,""rounds"":7}",
      1024,         5,         0,   0.267,fusion_blossom,47e91f1dfbf6adbb3c46efd5d2de6f4c42a3dcf206f4703dce03013c9b309afd,"{""d"":7,""p"":0.004,""rounds"":7}",
      1024,         6,         0,   0.269,fusion_blossom,47e91f1dfbf6adbb3c46efd5d2de6f4c42a3dcf206f4703dce03013c9b309afd,"{""d"":7,""p"":0.004,""rounds"":7}",
      1024,         4,         0,   0.272,fusion_blossom,47e91f1dfbf6adbb3c46efd5d2de6f4c42a3dcf206f4703dce03013c9b309afd,"{""d"":7,""p"":0.004,""rounds"":7}",
      1024,         3,         0,   0.275,fusion_blossom,47e91f1dfbf6adbb3c46efd5d2de6f4c42a3dcf206f4703dce03013c9b309afd,"{""d"":7,""p"":0.004,""rounds"":7}",
      2048,         6,         0,   0.503,fusion_blossom,47e91f1dfbf6adbb3c46efd5d2de6f4c42a3dcf206f4703dce03013c9b309afd,"{""d"":7,""p"":0.004,""rounds"":7}",
      1024,         3,         0,   0.274,fusion_blossom,47e91f1dfbf6adbb3c46efd5d2de6f4c42a3dcf206f4703dce03013c9b309afd,"{""d"":7,""p"":0.004,""rounds"":7}",
     17408,        74,         0,    4.52,fusion_blossom,47e91f1dfbf6adbb3c46efd5d2de6f4c42a3dcf206f4703dce03013c9b309afd,"{""d"":7,""p"":0.004,""rounds"":7}",
      1024,         4,         0,   0.285,fusion_blossom,47e91f1dfbf6adbb3c46efd5d2de6f4c42a3dcf206f4703dce03013c9b309afd,"{""d"":7,""p"":0.004,""rounds"":7}",
      1024,         5,         0,   0.284,fusion_blossom,47e91f1dfbf6adbb3c46efd5d2de6f4c42a3dcf206f4703dce03013c9b309afd,"{""d"":7,""p"":0.004,""rounds"":7}",
      1024,         5,         0,   0.263,fusion_blossom,47e91f1dfbf6adbb3c46efd5d2de6f4c42a3dcf206f4703dce03013c9b309afd,"{""d"":7,""p"":0.004,""rounds"":7}",
      1024,         6,         0,   0.294,fusion_blossom,47e91f1dfbf6adbb3c46efd5d2de6f4c42a3dcf206f4703dce03013c9b309afd,"{""d"":7,""p"":0.004,""rounds"":7}",
      1024,         7,         0,   0.295,fusion_blossom,47e91f1dfbf6adbb3c46efd5d2de6f4c42a3dcf206f4703dce03013c9b309afd,"{""d"":7,""p"":0.004,""rounds"":7}",
      1024,         9,         0,   0.287,fusion_blossom,47e91f1dfbf6adbb3c46efd5d2de6f4c42a3dcf206f4703dce03013c9b309afd,"{""d"":7,""p"":0.004,""rounds"":7}",
      1024,         5,         0,   0.284,fusion_blossom,47e91f1dfbf6adbb3c46efd5d2de6f4c42a3dcf206f4703dce03013c9b309afd,"{""d"":7,""p"":0.004,""rounds"":7}",
      1024,         8,         0,   0.285,fusion_blossom,47e91f1dfbf6adbb3c46efd5d2de6f4c42a3dcf206f4703dce03013c9b309afd,"{""d"":7,""p"":0.004,""rounds"":7}",
      1024,         4,         0,   0.277,fusion_blossom,47e91f1dfbf6adbb3c46efd5d2de6f4c42a3dcf206f4703dce03013c9b309afd,"{""d"":7,""p"":0.004,""rounds"":7}",
      1024,         6,         0,   0.289,fusion_blossom,47e91f1dfbf6adbb3c46efd5d2de6f4c42a3dcf206f4703dce03013c9b309afd,"{""d"":7,""p"":0.004,""rounds"":7}",
      1024,         5,         0,   0.295,fusion_blossom,47e91f1dfbf6adbb3c46efd5d2de6f4c42a3dcf206f4703dce03013c9b309afd,"{""d"":7,""p"":0.004,""rounds"":7}",
      1024,         2,         0,   0.263,fusion_blossom,47e91f1dfbf6adbb3c46efd5d2de6f4c42a3dcf206f4703dce03013c9b309afd,"{""d"":7,""p"":0.004,""rounds"":7}",
      1024,         3,         0,   0.278,fusion_blossom,47e91f1dfbf6adbb3c46efd5d2de6f4c42a3dcf206f4703dce03013c9b309afd,"{""d"":7,""p"":0.004,""rounds"":7}",
      1024,         5,         0,   0.254,fusion_blossom,47e91f1dfbf6adbb3c46efd5d2de6f4c42a3dcf206f4703dce03013c9b309afd,"{""d"":7,""p"":0.004,""rounds"":7}",
      3072,        14,         0,   0.874,fusion_blossom,47e91f1dfbf6adbb3c46efd5d2de6f4c42a3dcf206f4703dce03013c9b309afd,"{""d"":7,""p"":0.004,""rounds"":7}",
      1024,         7,         0,   0.297,fusion_blossom,47e91f1dfbf6adbb3c46efd5d2de6f4c42a3dcf206f4703dce03013c9b309afd,"{""d"":7,""p"":0.004,""rounds"":7}",
     12288,        55,         0,    3.25,fusion_blossom,47e91f1dfbf6adbb3c46efd5d2de6f4c42a3dcf206f4703dce03013c9b309afd,"{""d"":7,""p"":0.004,""rounds"":7}",
      1024,         4,         0,   0.269,fusion_blossom,47e91f1dfbf6adbb3c46efd5d2de6f4c42a3dcf206f4703dce03013c9b309afd,"{""d"":7,""p"":0.004,""rounds"":7}",
      1024,         5,         0,   0.257,fusion_blossom,47e91f1dfbf6adbb3c46efd5d2de6f4c42a3dcf206f4703dce03013c9b309afd,"{""d"":7,""p"":0.004,""rounds"":7}",
      1024,         9,         0,   0.295,fusion_blossom,47e91f1dfbf6adbb3c46efd5d2de6f4c42a3dcf206f4703dce03013c9b309afd,"{""d"":7,""p"":0.004,""rounds"":7}",
      1024,         4,         0,   0.285,fusion_blossom,47e91f1dfbf6adbb3c46efd5d2de6f4c42a3dcf206f4703dce03013c9b309afd,"{""d"":7,""p"":0.004,""rounds"":7}",
      2048,         9,         0,   0.582,fusion_blossom,47e91f1dfbf6adbb3c46efd5d2de6f4c42a3dcf206f4703dce03013c9b309afd,"{""d"":7,""p"":0.004,""rounds"":7}",
      1024,         8,         0,   0.274,fusion_blossom,47e91f1dfbf6adbb3c46efd5d2de6f4c42a3dcf206f4703dce03013c9b309afd,"{""d"":7,""p"":0.004,""rounds"":7}",
      1024,         3,         0,   0.274,fusion_blossom,47e91f1dfbf6adbb3c46efd5d2de6f4c42a3dcf206f4703dce03013c9b309afd,"{""d"":7,""p"":0.004,""rounds"":7}",
      1024,         6,         0,   0.313,fusion_blossom,47e91f1dfbf6adbb3c46efd5d2de6f4c42a3dcf206f4703dce03013c9b309afd,"{""d"":7,""p"":0.004,""rounds"":7}",
      1024,         4,         0,   0.273,fusion_blossom,47e91f1dfbf6adbb3c46efd5d2de6f4c42a3dcf206f4703dce03013c9b309afd,"{""d"":7,""p"":0.004,""rounds"":7}",
      1024,         5,         0,   0.260,fusion_blossom,47e91f1dfbf6adbb3c46efd5d2de6f4c42a3dcf206f4703dce03013c9b309afd,"{""d"":7,""p"":0.004,""rounds"":7}",
      1024,         6,         0,   0.273,fusion_blossom,47e91f1dfbf6adbb3c46efd5d2de6f4c42a3dcf206f4703dce03013c9b309afd,"{""d"":7,""p"":0.004,""rounds"":7}",
      1024,         1,         0,   0.279,fusion_blossom,47e91f1dfbf6adbb3c46efd5d2de6f4c42a3dcf206f4703dce03013c9b309afd,"{""d"":7,""p"":0.004,""rounds"":7}",
      3072,        10,         0,   0.845,fusion_blossom,47e91f1dfbf6adbb3c46efd5d2de6f4c42a3dcf206f4703dce03013c9b309afd,"{""d"":7,""p"":0.004,""rounds"":7}",
      1024,         6,         0,   0.292,fusion_blossom,47e91f1dfbf6adbb3c46efd5d2de6f4c42a3dcf206f4703dce03013c9b309afd,"{""d"":7,""p"":0.004,""rounds"":7}",
      2048,        13,         0,   0.592,fusion_blossom,47e91f1dfbf6adbb3c46efd5d2de6f4c42a3dcf206f4703dce03013c9b309afd,"{""d"":7,""p"":0.004,""rounds"":7}",
      1024,         3,         0,   0.277,fusion_blossom,47e91f1dfbf6adbb3c46efd5d2de6f4c42a3dcf206f4703dce03013c9b309afd,"{""d"":7,""p"":0.004,""rounds"":7}",
      1024,         6,         0,   0.303,fusion_blossom,47e91f1dfbf6adbb3c46efd5d2de6f4c42a3dcf206f4703dce03013c9b309afd,"{""d"":7,""p"":0.004,""rounds"":7}",
      1024,         3,         0,   0.286,fusion_blossom,47e91f1dfbf6adbb3c46efd5d2de6f4c42a3dcf206f4703dce03013c9b309afd,"{""d"":7,""p"":0.004,""rounds"":7}",
      1024,         6,         0,   0.302,fusion_blossom,47e91f1dfbf6adbb3c46efd5d2de6f4c42a3dcf206f4703dce03013c9b309afd,"{""d"":7,""p"":0.004,""rounds"":7}",
      1024,         4,         0,   0.269,fusion_blossom,47e91f1dfbf6adbb3c46efd5d2de6f4c42a3dcf206f4703dce03013c9b309afd,"{""d"":7,""p"":0.004,""rounds"":7}",
      2048,         8,         0,   0.535,fusion_blossom,47e91f1dfbf6adbb3c46efd5d2de6f4c42a3dcf206f4703dce03013c9b309afd,"{""d"":7,""p"":0.004,""rounds"":7}",
      2048,         7,         0,   0.515,fusion_blossom,47e91f1dfbf6adbb3c46efd5d2de6f4c42a3dcf206f4703dce03013c9b309afd,"{""d"":7,""p"":0.004,""rounds"":7}",
      2048,         7,         0,   0.535,fusion_blossom,47e91f1dfbf6adbb3c46efd5d2de6f4c42a3dcf206f4703dce03013c9b309afd,"{""d"":7,""p"":0.004,""rounds"":7}",
      3072,        13,         0,   0.777,fusion_blossom,47e91f1dfbf6adbb3c46efd5d2de6f4c42a3dcf206f4703dce03013c9b309afd,"{""d"":7,""p"":0.004,""rounds"":7}",
      2048,        11,         0,   0.524,fusion_blossom,47e91f1dfbf6adbb3c46efd5d2de6f4c42a3dcf206f4703dce03013c9b309afd,"{""d"":7,""p"":0.004,""rounds"":7}",
      4096,        22,         0,    1.11,fusion_blossom,47e91f1dfbf6adbb3c46efd5d2de6f4c42a3dcf206f4703dce03013c9b309afd,"{""d"":7,""p"":0.004,""rounds"":7}",
      2048,        12,         0,   0.538,fusion_blossom,47e91f1dfbf6adbb3c46efd5d2de6f4c42a3dcf206f4703dce03013c9b309afd,"{""d"":7,""p"":0.004,""rounds"":7}",
      2048,        12,         0,   0.549,fusion_blossom,47e91f1dfbf6adbb3c46efd5d2de6f4c42a3dcf206f4703dce03013c9b309afd,"{""d"":7,""p"":0.004,""rounds"":7}",
      2048,        13,         0,   0.509,fusion_blossom,47e91f1dfbf6adbb3c46efd5d2de6f4c42a3dcf206f4703dce03013c9b309afd,"{""d"":7,""p"":0.004,""rounds"":7}",
      2048,         8,         0,   0.524,fusion_blossom,47e91f1dfbf6adbb3c46efd5d2de6f4c42a3dcf206f4703dce03013c9b309afd,"{""d"":7,""p"":0.004,""rounds"":7}",
      2048,         9,         0,   0.577,fusion_blossom,47e91f1dfbf6adbb3c46efd5d2de6f4c42a3dcf206f4703dce03013c9b309afd,"{""d"":7,""p"":0.004,""rounds"":7}",
      4096,        16,         0,    1.08,fusion_blossom,47e91f1dfbf6adbb3c46efd5d2de6f4c42a3dcf206f4703dce03013c9b309afd,"{""d"":7,""p"":0.004,""rounds"":7}",
      2048,        12,         0,   0.570,fusion_blossom,47e91f1dfbf6adbb3c46efd5d2de6f4c42a3dcf206f4703dce03013c9b309afd,"{""d"":7,""p"":0.004,""rounds"":7}",
      3072,        12,         0,   0.879,fusion_blossom,47e91f1dfbf6adbb3c46efd5d2de6f4c42a3dcf206f4703dce03013c9b309afd,"{""d"":7,""p"":0.004,""rounds"":7}",
      3072,        13,         0,   0.867,fusion_blossom,47e91f1dfbf6adbb3c46efd5d2de6f4c42a3dcf206f4703dce03013c9b309afd,"{""d"":7,""p"":0.004,""rounds"":7}",
      4096,        14,         0,    1.13,fusion_blossom,47e91f1dfbf6adbb3c46efd5d2de6f4c42a3dcf206f4703dce03013c9b309afd,"{""d"":7,""p"":0.004,""rounds"":7}",
     14336,        66,         0,    3.92,fusion_blossom,47e91f1dfbf6adbb3c46efd5d2de6f4c42a3dcf206f4703dce03013c9b309afd,"{""d"":7,""p"":0.004,""rounds"":7}",
      1024,         2,         0,   0.281,fusion_blossom,47e91f1dfbf6adbb3c46efd5d2de6f4c42a3dcf206f4703dce03013c9b309afd,"{""d"":7,""p"":0.004,""rounds"":7}",
      1024,         8,         0,   0.315,fusion_blossom,47e91f1dfbf6adbb3c46efd5d2de6f4c42a3dcf206f4703dce03013c9b309afd,"{""d"":7,""p"":0.004,""rounds"":7}",
     11264,        54,         0,    3.01,fusion_blossom,47e91f1dfbf6adbb3c46efd5d2de6f4c42a3dcf206f4703dce03013c9b309afd,"{""d"":7,""p"":0.004,""rounds"":7}",
      1024,         3,         0,   0.270,fusion_blossom,47e91f1dfbf6adbb3c46efd5d2de6f4c42a3dcf206f4703dce03013c9b309afd,"{""d"":7,""p"":0.004,""rounds"":7}",
